13613314,53177,BANKNIFTY23MAR37700CE,"BANKNIFTY",0,2023-03-29,37700,0.05,25,CE,NFO-OPT,NFO
13615874,53187,BANKNIFTY23MAR37700PE,"BANKNIFTY",0,2023-03-29,37700,0.05,25,PE,NFO-OPT,NFO
13616130,53188,BANKNIFTY23MAR37800CE,"BANKNIFTY",0,2023-03-29,37800,0.05,25,CE,NFO-OPT,NFO
13616386,53189,BANKNIFTY23MAR37800PE,"BANKNIFTY",0,2023-03-29,37800,0.05,25,PE,NFO-OPT,NFO
13616642,53190,BANKNIFTY23MAR37900CE,"BANKNIFTY",0,2023-03-29,37900,0.05,25,CE,NFO-OPT,NFO
13616898,53191,BANKNIFTY23MAR37900PE,"BANKNIFTY",0,2023-03-29,37900,0.05,25,PE,NFO-OPT,NFO
13466114,52602,BANKNIFTY23MAR38000CE,"BANKNIFTY",0,2023-03-29,38000,0.05,25,CE,NFO-OPT,NFO
13466370,52603,BANKNIFTY23MAR38000PE,"BANKNIFTY",0,2023-03-29,38000,0.05,25,PE,NFO-OPT,NFO
10530050,41133,BANKNIFTY23MAR38100CE,"BANKNIFTY",0,2023-03-29,38100,0.05,25,CE,NFO-OPT,NFO
10530306,41134,BANKNIFTY23MAR38100PE,"BANKNIFTY",0,2023-03-29,38100,0.05,25,PE,NFO-OPT,NFO
8970754,35042,BANKNIFTY23MAR38200CE,"BANKNIFTY",0,2023-03-29,38200,0.05,25,CE,NFO-OPT,NFO
8971010,35043,BANKNIFTY23MAR38200PE,"BANKNIFTY",0,2023-03-29,38200,0.05,25,PE,NFO-OPT,NFO
8982274,35087,BANKNIFTY23MAR38300CE,"BANKNIFTY",0,2023-03-29,38300,0.05,25,CE,NFO-OPT,NFO
8982530,35088,BANKNIFTY23MAR38300PE,"BANKNIFTY",0,2023-03-29,38300,0.05,25,PE,NFO-OPT,NFO
9000450,35158,BANKNIFTY23MAR38400CE,"BANKNIFTY",0,2023-03-29,38400,0.05,25,CE,NFO-OPT,NFO
9000706,35159,BANKNIFTY23MAR38400PE,"BANKNIFTY",0,2023-03-29,38400,0.05,25,PE,NFO-OPT,NFO
13466626,52604,BANKNIFTY23MAR38500CE,"BANKNIFTY",0,2023-03-29,38500,0.05,25,CE,NFO-OPT,NFO
13466882,52605,BANKNIFTY23MAR38500PE,"BANKNIFTY",0,2023-03-29,38500,0.05,25,PE,NFO-OPT,NFO
10056962,39285,BANKNIFTY23MAR38600CE,"BANKNIFTY",0,2023-03-29,38600,0.05,25,CE,NFO-OPT,NFO
10057730,39288,BANKNIFTY23MAR38600PE,"BANKNIFTY",0,2023-03-29,38600,0.05,25,PE,NFO-OPT,NFO
10057986,39289,BANKNIFTY23MAR38700CE,"BANKNIFTY",0,2023-03-29,38700,0.05,25,CE,NFO-OPT,NFO
10058754,39292,BANKNIFTY23MAR38700PE,"BANKNIFTY",0,2023-03-29,38700,0.05,25,PE,NFO-OPT,NFO
10059010,39293,BANKNIFTY23MAR38800CE,"BANKNIFTY",0,2023-03-29,38800,0.05,25,CE,NFO-OPT,NFO
10059266,39294,BANKNIFTY23MAR38800PE,"BANKNIFTY",0,2023-03-29,38800,0.05,25,PE,NFO-OPT,NFO
10059522,39295,BANKNIFTY23MAR38900CE,"BANKNIFTY",0,2023-03-29,38900,0.05,25,CE,NFO-OPT,NFO
10059778,39296,BANKNIFTY23MAR38900PE,"BANKNIFTY",0,2023-03-29,38900,0.05,25,PE,NFO-OPT,NFO
14625026,57129,BANKNIFTY23MAR39000CE,"BANKNIFTY",0,2023-03-29,39000,0.05,25,CE,NFO-OPT,NFO
14625282,57130,BANKNIFTY23MAR39000PE,"BANKNIFTY",0,2023-03-29,39000,0.05,25,PE,NFO-OPT,NFO
8963074,35012,BANKNIFTY23MAR39100CE,"BANKNIFTY",0,2023-03-29,39100,0.05,25,CE,NFO-OPT,NFO
8963330,35013,BANKNIFTY23MAR39100PE,"BANKNIFTY",0,2023-03-29,39100,0.05,25,PE,NFO-OPT,NFO
8965634,35022,BANKNIFTY23MAR39200CE,"BANKNIFTY",0,2023-03-29,39200,0.05,25,CE,NFO-OPT,NFO
8965890,35023,BANKNIFTY23MAR39200PE,"BANKNIFTY",0,2023-03-29,39200,0.05,25,PE,NFO-OPT,NFO
13467138,52606,BANKNIFTY23MAR39300CE,"BANKNIFTY",0,2023-03-29,39300,0.05,25,CE,NFO-OPT,NFO
13467394,52607,BANKNIFTY23MAR39300PE,"BANKNIFTY",0,2023-03-29,39300,0.05,25,PE,NFO-OPT,NFO
13467650,52608,BANKNIFTY23MAR39400CE,"BANKNIFTY",0,2023-03-29,39400,0.05,25,CE,NFO-OPT,NFO
13467906,52609,BANKNIFTY23MAR39400PE,"BANKNIFTY",0,2023-03-29,39400,0.05,25,PE,NFO-OPT,NFO
13468674,52612,BANKNIFTY23MAR39500CE,"BANKNIFTY",0,2023-03-29,39500,0.05,25,CE,NFO-OPT,NFO
13468930,52613,BANKNIFTY23MAR39500PE,"BANKNIFTY",0,2023-03-29,39500,0.05,25,PE,NFO-OPT,NFO
13469186,52614,BANKNIFTY23MAR39600CE,"BANKNIFTY",0,2023-03-29,39600,0.05,25,CE,NFO-OPT,NFO
13469442,52615,BANKNIFTY23MAR39600PE,"BANKNIFTY",0,2023-03-29,39600,0.05,25,PE,NFO-OPT,NFO
13469698,52616,BANKNIFTY23MAR39700CE,"BANKNIFTY",0,2023-03-29,39700,0.05,25,CE,NFO-OPT,NFO
13469954,52617,BANKNIFTY23MAR39700PE,"BANKNIFTY",0,2023-03-29,39700,0.05,25,PE,NFO-OPT,NFO
13470722,52620,BANKNIFTY23MAR39800CE,"BANKNIFTY",0,2023-03-29,39800,0.05,25,CE,NFO-OPT,NFO
13470978,52621,BANKNIFTY23MAR39800PE,"BANKNIFTY",0,2023-03-29,39800,0.05,25,PE,NFO-OPT,NFO
13471746,52624,BANKNIFTY23MAR39900CE,"BANKNIFTY",0,2023-03-29,39900,0.05,25,CE,NFO-OPT,NFO
13472002,52625,BANKNIFTY23MAR39900PE,"BANKNIFTY",0,2023-03-29,39900,0.05,25,PE,NFO-OPT,NFO
13472258,52626,BANKNIFTY23MAR40000CE,"BANKNIFTY",0,2023-03-29,40000,0.05,25,CE,NFO-OPT,NFO
13472514,52627,BANKNIFTY23MAR40000PE,"BANKNIFTY",0,2023-03-29,40000,0.05,25,PE,NFO-OPT,NFO
13472770,52628,BANKNIFTY23MAR40100CE,"BANKNIFTY",0,2023-03-29,40100,0.05,25,CE,NFO-OPT,NFO
13473026,52629,BANKNIFTY23MAR40100PE,"BANKNIFTY",0,2023-03-29,40100,0.05,25,PE,NFO-OPT,NFO
13473282,52630,BANKNIFTY23MAR40200CE,"BANKNIFTY",0,2023-03-29,40200,0.05,25,CE,NFO-OPT,NFO
13473538,52631,BANKNIFTY23MAR40200PE,"BANKNIFTY",0,2023-03-29,40200,0.05,25,PE,NFO-OPT,NFO
13474306,52634,BANKNIFTY23MAR40300CE,"BANKNIFTY",0,2023-03-29,40300,0.05,25,CE,NFO-OPT,NFO
13474562,52635,BANKNIFTY23MAR40300PE,"BANKNIFTY",0,2023-03-29,40300,0.05,25,PE,NFO-OPT,NFO
13474818,52636,BANKNIFTY23MAR40400CE,"BANKNIFTY",0,2023-03-29,40400,0.05,25,CE,NFO-OPT,NFO
13475074,52637,BANKNIFTY23MAR40400PE,"BANKNIFTY",0,2023-03-29,40400,0.05,25,PE,NFO-OPT,NFO
14625538,57131,BANKNIFTY23MAR40500CE,"BANKNIFTY",0,2023-03-29,40500,0.05,25,CE,NFO-OPT,NFO
14625794,57132,BANKNIFTY23MAR40500PE,"BANKNIFTY",0,2023-03-29,40500,0.05,25,PE,NFO-OPT,NFO
13475330,52638,BANKNIFTY23MAR40600CE,"BANKNIFTY",0,2023-03-29,40600,0.05,25,CE,NFO-OPT,NFO
13475586,52639,BANKNIFTY23MAR40600PE,"BANKNIFTY",0,2023-03-29,40600,0.05,25,PE,NFO-OPT,NFO
13475842,52640,BANKNIFTY23MAR40700CE,"BANKNIFTY",0,2023-03-29,40700,0.05,25,CE,NFO-OPT,NFO
13476098,52641,BANKNIFTY23MAR40700PE,"BANKNIFTY",0,2023-03-29,40700,0.05,25,PE,NFO-OPT,NFO
13476866,52644,BANKNIFTY23MAR40800CE,"BANKNIFTY",0,2023-03-29,40800,0.05,25,CE,NFO-OPT,NFO
13477122,52645,BANKNIFTY23MAR40800PE,"BANKNIFTY",0,2023-03-29,40800,0.05,25,PE,NFO-OPT,NFO
13477378,52646,BANKNIFTY23MAR40900CE,"BANKNIFTY",0,2023-03-29,40900,0.05,25,CE,NFO-OPT,NFO
13477634,52647,BANKNIFTY23MAR40900PE,"BANKNIFTY",0,2023-03-29,40900,0.05,25,PE,NFO-OPT,NFO
13477890,52648,BANKNIFTY23MAR41000CE,"BANKNIFTY",0,2023-03-29,41000,0.05,25,CE,NFO-OPT,NFO
13478146,52649,BANKNIFTY23MAR41000PE,"BANKNIFTY",0,2023-03-29,41000,0.05,25,PE,NFO-OPT,NFO
13478402,52650,BANKNIFTY23MAR41100CE,"BANKNIFTY",0,2023-03-29,41100,0.05,25,CE,NFO-OPT,NFO
13478658,52651,BANKNIFTY23MAR41100PE,"BANKNIFTY",0,2023-03-29,41100,0.05,25,PE,NFO-OPT,NFO
13479426,52654,BANKNIFTY23MAR41200CE,"BANKNIFTY",0,2023-03-29,41200,0.05,25,CE,NFO-OPT,NFO
13479682,52655,BANKNIFTY23MAR41200PE,"BANKNIFTY",0,2023-03-29,41200,0.05,25,PE,NFO-OPT,NFO
13479938,52656,BANKNIFTY23MAR41300CE,"BANKNIFTY",0,2023-03-29,41300,0.05,25,CE,NFO-OPT,NFO
13480194,52657,BANKNIFTY23MAR41300PE,"BANKNIFTY",0,2023-03-29,41300,0.05,25,PE,NFO-OPT,NFO
13480450,52658,BANKNIFTY23MAR41400CE,"BANKNIFTY",0,2023-03-29,41400,0.05,25,CE,NFO-OPT,NFO
13480706,52659,BANKNIFTY23MAR41400PE,"BANKNIFTY",0,2023-03-29,41400,0.05,25,PE,NFO-OPT,NFO
13480962,52660,BANKNIFTY23MAR41500CE,"BANKNIFTY",0,2023-03-29,41500,0.05,25,CE,NFO-OPT,NFO
13481218,52661,BANKNIFTY23MAR41500PE,"BANKNIFTY",0,2023-03-29,41500,0.05,25,PE,NFO-OPT,NFO
13481474,52662,BANKNIFTY23MAR41600CE,"BANKNIFTY",0,2023-03-29,41600,0.05,25,CE,NFO-OPT,NFO
13481730,52663,BANKNIFTY23MAR41600PE,"BANKNIFTY",0,2023-03-29,41600,0.05,25,PE,NFO-OPT,NFO
13634306,53259,NIFTY23MAR16300CE,"NIFTY",0,2023-03-29,16300,0.05,50,CE,NFO-OPT,NFO
13634562,53260,NIFTY23MAR16300PE,"NIFTY",0,2023-03-29,16300,0.05,50,PE,NFO-OPT,NFO
13634818,53261,NIFTY23MAR16350CE,"NIFTY",0,2023-03-29,16350,0.05,50,CE,NFO-OPT,NFO
13635074,53262,NIFTY23MAR16350PE,"NIFTY",0,2023-03-29,16350,0.05,50,PE,NFO-OPT,NFO
13635330,53263,NIFTY23MAR16400CE,"NIFTY",0,2023-03-29,16400,0.05,50,CE,NFO-OPT,NFO
13636098,53266,NIFTY23MAR16400PE,"NIFTY",0,2023-03-29,16400,0.05,50,PE,NFO-OPT,NFO
13636354,53267,NIFTY23MAR16450CE,"NIFTY",0,2023-03-29,16450,0.05,50,CE,NFO-OPT,NFO
13636610,53268,NIFTY23MAR16450PE,"NIFTY",0,2023-03-29,16450,0.05,50,PE,NFO-OPT,NFO
13636866,53269,NIFTY23MAR16500CE,"NIFTY",0,2023-03-29,16500,0.05,50,CE,NFO-OPT,NFO
13637122,53270,NIFTY23MAR16500PE,"NIFTY",0,2023-03-29,16500,0.05,50,PE,NFO-OPT,NFO
13637378,53271,NIFTY23MAR16550CE,"NIFTY",0,2023-03-29,16550,0.05,50,CE,NFO-OPT,NFO
13637634,53272,NIFTY23MAR16550PE,"NIFTY",0,2023-03-29,16550,0.05,50,PE,NFO-OPT,NFO
13646594,53307,NIFTY23MAR16600CE,"NIFTY",0,2023-03-29,16600,0.05,50,CE,NFO-OPT,NFO
13646850,53308,NIFTY23MAR16600PE,"NIFTY",0,2023-03-29,16600,0.05,50,PE,NFO-OPT,NFO
13647106,53309,NIFTY23MAR16650CE,"NIFTY",0,2023-03-29,16650,0.05,50,CE,NFO-OPT,NFO
13647874,53312,NIFTY23MAR16650PE,"NIFTY",0,2023-03-29,16650,0.05,50,PE,NFO-OPT,NFO
13648130,53313,NIFTY23MAR16700CE,"NIFTY",0,2023-03-29,16700,0.05,50,CE,NFO-OPT,NFO
13649666,53319,NIFTY23MAR16700PE,"NIFTY",0,2023-03-29,16700,0.05,50,PE,NFO-OPT,NFO
13649922,53320,NIFTY23MAR16750CE,"NIFTY",0,2023-03-29,16750,0.05,50,CE,NFO-OPT,NFO
13650178,53321,NIFTY23MAR16750PE,"NIFTY",0,2023-03-29,16750,0.05,50,PE,NFO-OPT,NFO
13650434,53322,NIFTY23MAR16800CE,"NIFTY",0,2023-03-29,16800,0.05,50,CE,NFO-OPT,NFO
13650946,53324,NIFTY23MAR16800PE,"NIFTY",0,2023-03-29,16800,0.05,50,PE,NFO-OPT,NFO
13652994,53332,NIFTY23MAR16850CE,"NIFTY",0,2023-03-29,16850,0.05,50,CE,NFO-OPT,NFO
13653250,53333,NIFTY23MAR16850PE,"NIFTY",0,2023-03-29,16850,0.05,50,PE,NFO-OPT,NFO
13653506,53334,NIFTY23MAR16900CE,"NIFTY",0,2023-03-29,16900,0.05,50,CE,NFO-OPT,NFO
13653762,53335,NIFTY23MAR16900PE,"NIFTY",0,2023-03-29,16900,0.05,50,PE,NFO-OPT,NFO
13654018,53336,NIFTY23MAR16950CE,"NIFTY",0,2023-03-29,16950,0.05,50,CE,NFO-OPT,NFO
13654274,53337,NIFTY23MAR16950PE,"NIFTY",0,2023-03-29,16950,0.05,50,PE,NFO-OPT,NFO
14661122,57270,NIFTY23MAR17000CE,"NIFTY",0,2023-03-29,17000,0.05,50,CE,NFO-OPT,NFO
14661378,57271,NIFTY23MAR17000PE,"NIFTY",0,2023-03-29,17000,0.05,50,PE,NFO-OPT,NFO
13654530,53338,NIFTY23MAR17050CE,"NIFTY",0,2023-03-29,17050,0.05,50,CE,NFO-OPT,NFO
13654786,53339,NIFTY23MAR17050PE,"NIFTY",0,2023-03-29,17050,0.05,50,PE,NFO-OPT,NFO
13655042,53340,NIFTY23MAR17100CE,"NIFTY",0,2023-03-29,17100,0.05,50,CE,NFO-OPT,NFO
13655298,53341,NIFTY23MAR17100PE,"NIFTY",0,2023-03-29,17100,0.05,50,PE,NFO-OPT,NFO
13655554,53342,NIFTY23MAR17150CE,"NIFTY",0,2023-03-29,17150,0.05,50,CE,NFO-OPT,NFO
13655810,53343,NIFTY23MAR17150PE,"NIFTY",0,2023-03-29,17150,0.05,50,PE,NFO-OPT,NFO
13656322,53345,NIFTY23MAR17200CE,"NIFTY",0,2023-03-29,17200,0.05,50,CE,NFO-OPT,NFO
13656578,53346,NIFTY23MAR17200PE,"NIFTY",0,2023-03-29,17200,0.05,50,PE,NFO-OPT,NFO
13656834,53347,NIFTY23MAR17250CE,"NIFTY",0,2023-03-29,17250,0.05,50,CE,NFO-OPT,NFO
13657090,53348,NIFTY23MAR17250PE,"NIFTY",0,2023-03-29,17250,0.05,50,PE,NFO-OPT,NFO
13657346,53349,NIFTY23MAR17300CE,"NIFTY",0,2023-03-29,17300,0.05,50,CE,NFO-OPT,NFO
13658882,53355,NIFTY23MAR17300PE,"NIFTY",0,2023-03-29,17300,0.05,50,PE,NFO-OPT,NFO
13659138,53356,NIFTY23MAR17350CE,"NIFTY",0,2023-03-29,17350,0.05,50,CE,NFO-OPT,NFO
13659650,53358,NIFTY23MAR17350PE,"NIFTY",0,2023-03-29,17350,0.05,50,PE,NFO-OPT,NFO
13659906,53359,NIFTY23MAR17400CE,"NIFTY",0,2023-03-29,17400,0.05,50,CE,NFO-OPT,NFO
13660162,53360,NIFTY23MAR17400PE,"NIFTY",0,2023-03-29,17400,0.05,50,PE,NFO-OPT,NFO
13660418,53361,NIFTY23MAR17450CE,"NIFTY",0,2023-03-29,17450,0.05,50,CE,NFO-OPT,NFO
13661698,53366,NIFTY23MAR17450PE,"NIFTY",0,2023-03-29,17450,0.05,50,PE,NFO-OPT,NFO
13661954,53367,NIFTY23MAR17500CE,"NIFTY",0,2023-03-29,17500,0.05,50,CE,NFO-OPT,NFO
13662722,53370,NIFTY23MAR17500PE,"NIFTY",0,2023-03-29,17500,0.05,50,PE,NFO-OPT,NFO
13664002,53375,NIFTY23MAR17550CE,"NIFTY",0,2023-03-29,17550,0.05,50,CE,NFO-OPT,NFO
13664514,53377,NIFTY23MAR17550PE,"NIFTY",0,2023-03-29,17550,0.05,50,PE,NFO-OPT,NFO
13664770,53378,NIFTY23MAR17600CE,"NIFTY",0,2023-03-29,17600,0.05,50,CE,NFO-OPT,NFO
13665026,53379,NIFTY23MAR17600PE,"NIFTY",0,2023-03-29,17600,0.05,50,PE,NFO-OPT,NFO
13665282,53380,NIFTY23MAR17650CE,"NIFTY",0,2023-03-29,17650,0.05,50,CE,NFO-OPT,NFO
13665538,53381,NIFTY23MAR17650PE,"NIFTY",0,2023-03-29,17650,0.05,50,PE,NFO-OPT,NFO
13666306,53384,NIFTY23MAR17700CE,"NIFTY",0,2023-03-29,17700,0.05,50,CE,NFO-OPT,NFO
13666562,53385,NIFTY23MAR17700PE,"NIFTY",0,2023-03-29,17700,0.05,50,PE,NFO-OPT,NFO
13666818,53386,NIFTY23MAR17750CE,"NIFTY",0,2023-03-29,17750,0.05,50,CE,NFO-OPT,NFO
13667074,53387,NIFTY23MAR17750PE,"NIFTY",0,2023-03-29,17750,0.05,50,PE,NFO-OPT,NFO
265,1,SENSEX,"SENSEX",0,,0,0,0,EQ,INDICES,BSE
264713,1034,HANGSENG BEES-NAV,"HANGSENG BEES-NAV",0,,0,0,0,EQ,INDICES,NSE
264969,1035,INDIA VIX,"INDIA VIX",0,,0,0,0,EQ,INDICES,NSE
260617,1018,NIFTY 100,"NIFTY 100",0,,0,0,0,EQ,INDICES,NSE
264457,1033,NIFTY 200,"NIFTY 200",0,,0,0,0,EQ,INDICES,NSE
256265,1001,NIFTY 50,"NIFTY 50",0,,0,0,0,EQ,INDICES,NSE
268041,1047,NIFTY 500,"NIFTY 500",0,,0,0,0,EQ,INDICES,NSE
265993,1039,NIFTY ALPHA 50,"NIFTY ALPHA 50",0,,0,0,0,EQ,INDICES,NSE
273673,1069,NIFTY ALPHALOWVOL,"NIFTY ALPHALOWVOL",0,,0,0,0,EQ,INDICES,NSE
263433,1029,NIFTY AUTO,"NIFTY AUTO",0,,0,0,0,EQ,INDICES,NSE
260105,1016,NIFTY BANK,"NIFTY BANK",0,,0,0,0,EQ,INDICES,NSE
257289,1005,NIFTY COMMODITIES,"NIFTY COMMODITIES",0,,0,0,0,EQ,INDICES,NSE
288777,1128,NIFTY CONSR DURBL,"NIFTY CONSR DURBL",0,,0,0,0,EQ,INDICES,NSE
257545,1006,NIFTY CONSUMPTION,"NIFTY CONSUMPTION",0,,0,0,0,EQ,INDICES,NSE
268297,1048,NIFTY CPSE,"NIFTY CPSE",0,,0,0,0,EQ,INDICES,NSE
257033,1004,NIFTY DIV OPPS 50,"NIFTY DIV OPPS 50",0,,0,0,0,EQ,INDICES,NSE
261641,1022,NIFTY ENERGY,"NIFTY ENERGY",0,,0,0,0,EQ,INDICES,NSE
257801,1007,NIFTY FIN SERVICE,"NIFTY FIN SERVICE",0,,0,0,0,EQ,INDICES,NSE
288265,1126,NIFTY FINSRV25 50,"NIFTY FINSRV25 50",0,,0,0,0,EQ,INDICES,NSE
261897,1023,NIFTY FMCG,"NIFTY FMCG",0,,0,0,0,EQ,INDICES,NSE
270345,1056,NIFTY GROWSECT 15,"NIFTY GROWSECT 15",0,,0,0,0,EQ,INDICES,NSE
269065,1051,NIFTY GS 10YR,"NIFTY GS 10YR",0,,0,0,0,EQ,INDICES,NSE
269321,1052,NIFTY GS 10YR CLN,"NIFTY GS 10YR CLN",0,,0,0,0,EQ,INDICES,NSE
269577,1053,NIFTY GS 11 15YR,"NIFTY GS 11 15YR",0,,0,0,0,EQ,INDICES,NSE
269833,1054,NIFTY GS 15YRPLUS,"NIFTY GS 15YRPLUS",0,,0,0,0,EQ,INDICES,NSE
268553,1049,NIFTY GS 4 8YR,"NIFTY GS 4 8YR",0,,0,0,0,EQ,INDICES,NSE
268809,1050,NIFTY GS 8 13YR,"NIFTY GS 8 13YR",0,,0,0,0,EQ,INDICES,NSE
270089,1055,NIFTY GS COMPSITE,"NIFTY GS COMPSITE",0,,0,0,0,EQ,INDICES,NSE
288521,1127,NIFTY HEALTHCARE,"NIFTY HEALTHCARE",0,,0,0,0,EQ,INDICES,NSE
291337,1138,NIFTY IND DIGITAL,"NIFTY IND DIGITAL",0,,0,0,0,EQ,INDICES,NSE
291081,1137,NIFTY INDIA MFG,"NIFTY INDIA MFG",0,,0,0,0,EQ,INDICES,NSE
261385,1021,NIFTY INFRA,"NIFTY INFRA",0,,0,0,0,EQ,INDICES,NSE
259849,1015,NIFTY IT,"NIFTY IT",0,,0,0,0,EQ,INDICES,NSE
289545,1131,NIFTY LARGEMID250,"NIFTY LARGEMID250",0,,0,0,0,EQ,INDICES,NSE
290825,1136,NIFTY M150 QLTY50,"NIFTY M150 QLTY50",0,,0,0,0,EQ,INDICES,NSE
263945,1031,NIFTY MEDIA,"NIFTY MEDIA",0,,0,0,0,EQ,INDICES,NSE
263689,1030,NIFTY METAL,"NIFTY METAL",0,,0,0,0,EQ,INDICES,NSE
290569,1135,NIFTY MICROCAP250,"NIFTY MICROCAP250",0,,0,0,0,EQ,INDICES,NSE
270601,1057,NIFTY MID LIQ 15,"NIFTY MID LIQ 15",0,,0,0,0,EQ,INDICES,NSE
288009,1125,NIFTY MID SELECT,"NIFTY MIDCAP SELECT (MIDCPNIFTY)",0,,0,0,0,EQ,INDICES,NSE
256777,1003,NIFTY MIDCAP 100,"NIFTY MIDCAP 100",0,,0,0,0,EQ,INDICES,NSE
266249,1040,NIFTY MIDCAP 150,"NIFTY MIDCAP 150",0,,0,0,0,EQ,INDICES,NSE
260873,1019,NIFTY MIDCAP 50,"NIFTY MIDCAP 50",0,,0,0,0,EQ,INDICES,NSE
266505,1041,NIFTY MIDSML 400,"NIFTY MIDSML 400",0,,0,0,0,EQ,INDICES,NSE
262153,1024,NIFTY MNC,"NIFTY MNC",0,,0,0,0,EQ,INDICES,NSE
270857,1058,NIFTY NEXT 50,"NIFTY NEXT 50",0,,0,0,0,EQ,INDICES,NSE
289033,1129,NIFTY OIL AND GAS,"NIFTY OIL AND GAS",0,,0,0,0,EQ,INDICES,NSE
262409,1025,NIFTY PHARMA,"NIFTY PHARMA",0,,0,0,0,EQ,INDICES,NSE
262665,1026,NIFTY PSE,"NIFTY PSE",0,,0,0,0,EQ,INDICES,NSE
262921,1027,NIFTY PSU BANK,"NIFTY PSU BANK",0,,0,0,0,EQ,INDICES,NSE
271113,1059,NIFTY PVT BANK,"NIFTY PVT BANK",0,,0,0,0,EQ,INDICES,NSE
261129,1020,NIFTY REALTY,"NIFTY REALTY",0,,0,0,0,EQ,INDICES,NSE
263177,1028,NIFTY SERV SECTOR,"NIFTY SERV SECTOR",0,,0,0,0,EQ,INDICES,NSE
267017,1043,NIFTY SMLCAP 100,"NIFTY SMLCAP 100",0,,0,0,0,EQ,INDICES,NSE
267273,1044,NIFTY SMLCAP 250,"NIFTY SMLCAP 250",0,,0,0,0,EQ,INDICES,NSE
266761,1042,NIFTY SMLCAP 50,"NIFTY SMLCAP 50",0,,0,0,0,EQ,INDICES,NSE
290313,1134,NIFTY TOTAL MKT,"NIFTY TOTAL MKT",0,,0,0,0,EQ,INDICES,NSE
271881,1062,NIFTY100 EQL WGT,"NIFTY100 EQL WGT",0,,0,0,0,EQ,INDICES,NSE
291593,1139,NIFTY100 ESG,"NIFTY100 ESG",0,,0,0,0,EQ,INDICES,NSE
267785,1046,NIFTY100 LIQ 15,"NIFTY100 LIQ 15",0,,0,0,0,EQ,INDICES,NSE
272137,1063,NIFTY100 LOWVOL30,"NIFTY100 LOWVOL30",0,,0,0,0,EQ,INDICES,NSE
272393,1064,NIFTY100 QUALTY30,"NIFTY100 QUALTY30",0,,0,0,0,EQ,INDICES,NSE
289801,1132,NIFTY100ESGSECLDR,"NIFTY100ESGSECLDR",0,,0,0,0,EQ,INDICES,NSE
265737,1038,NIFTY200 QUALTY30,"NIFTY200 QUALTY30",0,,0,0,0,EQ,INDICES,NSE
290057,1133,NIFTY200MOMENTM30,"NIFTY200MOMENTM30",0,,0,0,0,EQ,INDICES,NSE
265225,1036,NIFTY50 DIV POINT,"NIFTY50 DIV POINT",0,,0,0,0,EQ,INDICES,NSE
271625,1061,NIFTY50 EQL WGT,"NIFTY50 EQL WGT",0,,0,0,0,EQ,INDICES,NSE
259081,1012,NIFTY50 PR 1X INV,"NIFTY50 PR 1X INV",0,,0,0,0,EQ,INDICES,NSE
258825,1011,NIFTY50 PR 2X LEV,"NIFTY50 PR 2X LEV",0,,0,0,0,EQ,INDICES,NSE
259593,1014,NIFTY50 TR 1X INV,"NIFTY50 TR 1X INV",0,,0,0,0,EQ,INDICES,NSE
259337,1013,NIFTY50 TR 2X LEV,"NIFTY50 TR 2X LEV",0,,0,0,0,EQ,INDICES,NSE
267529,1045,NIFTY50 VALUE 20,"NIFTY50 VALUE 20",0,,0,0,0,EQ,INDICES,NSE
289289,1130,NIFTY500 MULTICAP,"NIFTY500 MULTICAP",0,,0,0,0,EQ,INDICES,NSE
289033,1129,NIFTY OIL AND GAS,"NIFTY OIL AND GAS",0,,0,0,0,EQ,INDICES,NSE
3343617,13061,360ONE,"360 ONE WAM",0,,0,0.05,1,EQ,NSE,NSE
121345,474,3MINDIA,"3M INDIA",0,,0,0.05,1,EQ,NSE,NSE
1147137,4481,AARTIDRUGS,"AARTI DRUGS.",0,,0,0.05,1,EQ,NSE,NSE
1793,7,AARTIIND,"AARTI INDUSTRIES",0,,0,0.05,1,EQ,NSE,NSE
1378561,5385,AAVAS,"AAVAS FINANCIERS",0,,0,0.05,1,EQ,NSE,NSE
3329,13,ABB,"ABB INDIA",0,,0,0.05,1,EQ,NSE,NSE
4583169,17903,ABBOTINDIA,"ABBOTT INDIA",0,,0,0.05,1,EQ,NSE,NSE
5533185,21614,ABCAPITAL,"ADITYA BIRLA CAPITAL.",0,,0,0.05,1,EQ,NSE,NSE
7707649,30108,ABFRL,"ADITYA BIRLA FASHION & RT",0,,0,0.05,1,EQ,NSE,NSE
1540609,6018,ABSLAMC,"ADIT BIRL SUN LIF AMC",0,,0,0.05,1,EQ,NSE,NSE
5633,22,ACC,"ACC",0,,0,0.05,1,EQ,NSE,NSE
6401,25,ADANIENT,"ADANI ENTERPRISES",0,,0,0.05,1,EQ,NSE,NSE
912129,3563,ADANIGREEN,"ADANI GREEN ENERGY",0,,0,0.05,1,EQ,NSE,NSE
3861249,15083,ADANIPORTS,"ADANI PORT & SEZ",0,,0,0.05,1,EQ,NSE,NSE
2615553,10217,ADANITRANS,"ADANI TRANSMISSION",0,,0,0.05,1,EQ,NSE,NSE
10241,40,AEGISCHEM,"AEGIS LOGISTICS",0,,0,0.05,1,EQ,NSE,NSE
2511361,9810,AETHER,"AETHER INDUSTRIES",0,,0,0.05,1,EQ,NSE,NSE
2903809,11343,AFFLE,"AFFLE (INDIA)",0,,0,0.05,1,EQ,NSE,NSE
3350017,13086,AIAENG,"AIA ENGINEERING",0,,0,0.05,1,EQ,NSE,NSE
2079745,8124,AJANTPHARM,"AJANTA PHARMA",0,,0,0.05,1,EQ,NSE,NSE
2995969,11703,ALKEM,"ALKEM LABORATORIES.",0,,0,0.05,1,EQ,NSE,NSE
1148673,4487,ALKYLAMINE,"ALKYL AMINES CHEM.",0,,0,0.05,1,EQ,NSE,NSE
4524801,17675,ALOKINDS,"ALOK INDUSTRIES",0,,0,0.05,1,EQ,NSE,NSE
25601,100,AMARAJABAT,"AMARA RAJA BATTERIES.",0,,0,0.05,1,EQ,NSE,NSE
303361,1185,AMBER,"AMBER ENTERPRISES (I)",0,,0,0.05,1,EQ,NSE,NSE
325121,1270,AMBUJACEM,"AMBUJA CEMENTS",0,,0,0.05,1,EQ,NSE,NSE
82945,324,ANGELONE,"ANGEL ONE",0,,0,0.05,1,EQ,NSE,NSE
724225,2829,ANURAS,"ANUPAM RASAYAN INDIA",0,,0,0.05,1,EQ,NSE,NSE
6599681,25780,APLAPOLLO,"APL APOLLO TUBES",0,,0,0.05,1,EQ,NSE,NSE
6483969,25328,APLLTD,"ALEMBIC PHARMA",0,,0,0.05,1,EQ,NSE,NSE
40193,157,APOLLOHOSP,"APOLLO HOSPITALS ENTER. L",0,,0,0.05,1,EQ,NSE,NSE
41729,163,APOLLOTYRE,"APOLLO TYRES",0,,0,0.05,1,EQ,NSE,NSE
1391361,5435,APTUS,"APTUS VALUE HSG FIN I",0,,0,0.05,1,EQ,NSE,NSE
1376769,5378,ASAHIINDIA,"ASAHI INDIA GLASS",0,,0,0.05,1,EQ,NSE,NSE
54273,212,ASHOKLEY,"ASHOK LEYLAND",0,,0,0.05,1,EQ,NSE,NSE
60417,236,ASIANPAINT,"ASIAN PAINTS",0,,0,0.05,1,EQ,NSE,NSE
386049,1508,ASTERDM,"ASTER DM HEALTHCARE.",0,,0,0.05,1,EQ,NSE,NSE
3691009,14418,ASTRAL,"ASTRAL",0,,0,0.05,1,EQ,NSE,NSE
1436161,5610,ASTRAZEN,"ASTRAZENECA PHARMA IND LT",0,,0,0.05,1,EQ,NSE,NSE
1552897,6066,ATGL,"ADANI TOTAL GAS",0,,0,0.05,1,EQ,NSE,NSE
67329,263,ATUL,"ATUL",0,,0,0.05,1,EQ,NSE,NSE
7685889,30023,ATULAUTO,"ATUL AUTO",0,,0,0.05,1,EQ,NSE,NSE
5436929,21238,AUBANK,"AU SMALL FINANCE BANK",0,,0,0.05,1,EQ,NSE,NSE
70401,275,AUROPHARMA,"AUROBINDO PHARMA",0,,0,0.05,1,EQ,NSE,NSE
2031617,7936,AVANTIFEED,"AVANTI FEEDS",0,,0,0.05,1,EQ,NSE,NSE
2076161,8110,AWL,"ADANI WILMAR",0,,0,0.05,1,EQ,NSE,NSE
1510401,5900,AXISBANK,"AXIS BANK",0,,0,0.05,1,EQ,NSE,NSE
4267265,16669,BAJAJ-AUTO,"BAJAJ AUTO",0,,0,0.05,1,EQ,NSE,NSE
3848705,15034,BAJAJELEC,"BAJAJ ELECT.LTD",0,,0,0.05,1,EQ,NSE,NSE
4268801,16675,BAJAJFINSV,"BAJAJ FINSERV.",0,,0,0.05,1,EQ,NSE,NSE
78849,308,BAJAJHIND,"BAJAJ HINDUSTHAN SUGAR LT",0,,0,0.05,1,EQ,NSE,NSE
78081,305,BAJAJHLDNG,"BAJAJ HOLDINGS & INVS",0,,0,0.05,1,EQ,NSE,NSE
81153,317,BAJFINANCE,"BAJAJ FINANCE",0,,0,0.05,1,EQ,NSE,NSE
3712257,14501,BALAMINES,"BALAJI AMINES",0,,0,0.05,1,EQ,NSE,NSE
85761,335,BALKRISIND,"BALKRISHNA IND.",0,,0,0.05,1,EQ,NSE,NSE
87297,341,BALRAMCHIN,"BALRAMPUR CHINI MILLS",0,,0,0.05,1,EQ,NSE,NSE
579329,2263,BANDHANBNK,"BANDHAN BANK",0,,0,0.05,1,EQ,NSE,NSE
1195009,4668,BANKBARODA,"BANK OF BARODA",0,,0,0.05,1,EQ,NSE,NSE
1214721,4745,BANKINDIA,"BANK OF INDIA",0,,0,0.05,1,EQ,NSE,NSE
94209,368,BASF,"BASF INDIA",0,,0,0.05,1,EQ,NSE,NSE
94977,371,BATAINDIA,"BATA INDIA",0,,0,0.05,1,EQ,NSE,NSE
4589313,17927,BAYERCROP,"BAYER CROPSCIENCE",0,,0,0.05,1,EQ,NSE,NSE
97281,380,BBTC,"BOMBAY BURMAH TRADING COR",0,,0,0.05,1,EQ,NSE,NSE
2261249,8833,BCG,"BRIGHTCOM GROUP",0,,0,0.05,1,EQ,NSE,NSE
548865,2144,BDL,"BHARAT DYNAMICS",0,,0,0.05,1,EQ,NSE,NSE
98049,383,BEL,"BHARAT ELECTRONICS",0,,0,0.05,1,EQ,NSE,NSE
101121,395,BEML,"BEML",0,,0,0.05,1,EQ,NSE,NSE
107265,419,BEPL,"BHANSALI ENG. POLYMERS LT",0,,0,0.05,1,EQ,NSE,NSE
103425,404,BERGEPAINT,"BERGER PAINTS (I)",0,,0,0.05,1,EQ,NSE,NSE
108033,422,BHARATFORG,"BHARAT FORGE",0,,0,0.05,1,EQ,NSE,NSE
981505,3834,BHARATRAS,"BHARAT RASAYAN",0,,0,0.05,1,EQ,NSE,NSE
2714625,10604,BHARTIARTL,"BHARTI AIRTEL",0,,0,0.05,1,EQ,NSE,NSE
112129,438,BHEL,"BHEL",0,,0,0.05,1,EQ,NSE,NSE
2911489,11373,BIOCON,"BIOCON",0,,0,0.05,1,EQ,NSE,NSE
122881,480,BIRLACORPN,"BIRLA CORPORATION",0,,0,0.05,1,EQ,NSE,NSE
126721,495,BLUEDART,"BLUE DART EXPRESS",0,,0,0.05,1,EQ,NSE,NSE
2127617,8311,BLUESTARCO,"BLUE STAR",0,,0,0.05,1,EQ,NSE,NSE
806145,3149,BORORENEW,"BOROSIL RENEWABLES",0,,0,0.05,1,EQ,NSE,NSE
558337,2181,BOSCHLTD,"BOSCH",0,,0,0.05,1,EQ,NSE,NSE
134657,526,BPCL,"BHARAT PETROLEUM CORP  LT",0,,0,0.05,1,EQ,NSE,NSE
3887105,15184,BRIGADE,"BRIGADE ENTER.",0,,0,0.05,1,EQ,NSE,NSE
140033,547,BRITANNIA,"BRITANNIA INDUSTRIES",0,,0,0.05,1,EQ,NSE,NSE
5013761,19585,BSE,"BSE",0,,0,0.05,1,EQ,NSE,NSE
1790465,6994,BSOFT,"BIRLASOFT",0,,0,0.05,1,EQ,NSE,NSE
2135297,8341,CALSOFT,"CALIFORNIA SOFTWARE CO LT",0,,0,0.05,1,EQ,NSE,NSE
2396673,9362,CAMPUS,"CAMPUS ACTIVEWEAR",0,,0,0.05,1,EQ,NSE,NSE
87553,342,CAMS,"COMPUTER AGE MNGT SER",0,,0,0.05,1,EQ,NSE,NSE
2763265,10794,CANBK,"CANARA BANK",0,,0,0.05,1,EQ,NSE,NSE
149249,583,CANFINHOME,"CAN FIN HOMES",0,,0,0.05,1,EQ,NSE,NSE
999937,3906,CAPLIPOINT,"CAPLIN POINT LAB.",0,,0,0.05,1,EQ,NSE,NSE
152321,595,CARBORUNIV,"CARBORUNDUM UNIVERSAL",0,,0,0.05,1,EQ,NSE,NSE
320001,1250,CASTROLIND,"CASTROL INDIA",0,,0,0.05,1,EQ,NSE,NSE
2931713,11452,CCL,"CCL PRODUCTS (I)",0,,0,0.05,1,EQ,NSE,NSE
5420545,21174,CDSL,"CENTRAL DEPO SER (I)",0,,0,0.05,1,EQ,NSE,NSE
3905025,15254,CEATLTD,"CEAT",0,,0,0.05,1,EQ,NSE,NSE
3812865,14894,CENTRALBK,"CENTRAL BANK OF INDIA",0,,0,0.05,1,EQ,NSE,NSE
3406081,13305,CENTURYPLY,"CENTURY PLYBOARDS (I)",0,,0,0.05,1,EQ,NSE,NSE
160001,625,CENTURYTEX,"CENTURY TEXTILES",0,,0,0.05,1,EQ,NSE,NSE
3849985,15039,CERA,"CERA SANITARYWARE",0,,0,0.05,1,EQ,NSE,NSE
160769,628,CESC,"CESC",0,,0,0.05,1,EQ,NSE,NSE
5204225,20329,CGCL,"CAPRI GLOBAL CAPITAL",0,,0,0.05,1,EQ,NSE,NSE
194561,760,CGPOWER,"CG POWER AND IND SOL",0,,0,0.05,1,EQ,NSE,NSE
2187777,8546,CHALET,"CHALET HOTELS",0,,0,0.05,1,EQ,NSE,NSE
163073,637,CHAMBLFERT,"CHAMBAL FERTILIZERS",0,,0,0.05,1,EQ,NSE,NSE
1394945,5449,CHEMPLASTS,"CHEMPLAST SANMAR",0,,0,0.05,1,EQ,NSE,NSE
524545,2049,CHENNPETRO,"CHENNAI PETROLEUM CORP LT",0,,0,0.05,1,EQ,NSE,NSE
175361,685,CHOLAFIN,"CHOLAMANDALAM IN & FIN CO",0,,0,0.05,1,EQ,NSE,NSE
5565441,21740,CHOLAHLDNG,"CHOLAMANDALAM FIN HOL",0,,0,0.05,1,EQ,NSE,NSE
177665,694,CIPLA,"CIPLA",0,,0,0.05,1,EQ,NSE,NSE
1292545,5049,CLEAN,"CLEAN SCIENCE & TECH",0,,0,0.05,1,EQ,NSE,NSE
5215745,20374,COALINDIA,"COAL INDIA",0,,0,0.05,1,EQ,NSE,NSE
5506049,21508,COCHINSHIP,"COCHIN SHIPYARD",0,,0,0.05,1,EQ,NSE,NSE
2955009,11543,COFORGE,"COFORGE",0,,0,0.05,1,EQ,NSE,NSE
3876097,15141,COLPAL,"COLGATE PALMOLIVE.",0,,0,0.05,1,EQ,NSE,NSE
1215745,4749,CONCOR,"CONTAINER CORP OF IND",0,,0,0.05,1,EQ,NSE,NSE
1025793,4007,CORALFINAC,"CORAL INDIA FIN & HOUS LT",0,,0,0.05,1,EQ,NSE,NSE
189185,739,COROMANDEL,"COROMANDEL INTERNTL.",0,,0,0.05,1,EQ,NSE,NSE
1131777,4421,CREDITACC,"CREDITACCESS GRAMEEN",0,,0,0.05,1,EQ,NSE,NSE
193793,757,CRISIL,"CRISIL",0,,0,0.05,1,EQ,NSE,NSE
4376065,17094,CROMPTON,"CROMPT GREA CON ELEC",0,,0,0.05,1,EQ,NSE,NSE
3831297,14966,CSBBANK,"CSB BANK",0,,0,0.05,1,EQ,NSE,NSE
1459457,5701,CUB,"CITY UNION BANK",0,,0,0.05,1,EQ,NSE,NSE
486657,1901,CUMMINSIND,"CUMMINS INDIA",0,,0,0.05,1,EQ,NSE,NSE
1471489,5748,CYIENT,"CYIENT",0,,0,0.05,1,EQ,NSE,NSE
3536897,13816,DAAWAT,"LT FOODS",0,,0,0.05,1,EQ,NSE,NSE
197633,772,DABUR,"DABUR INDIA",0,,0,0.05,1,EQ,NSE,NSE
2067201,8075,DALBHARAT,"DALMIA BHARAT",0,,0,0.05,1,EQ,NSE,NSE
4630017,18086,DBL,"DILIP BUILDCON",0,,0,0.05,1,EQ,NSE,NSE
1222401,4775,DCMFINSERV,"DCM FINANCIAL SERVICES LT",0,,0,0.05,1,EQ,NSE,NSE
207617,811,DCMSHRIRAM,"DCM SHRIRAM",0,,0,0.05,1,EQ,NSE,NSE
211713,827,DEEPAKFERT,"DEEPAK FERTILIZERS & PETR",0,,0,0.05,1,EQ,NSE,NSE
5105409,19943,DEEPAKNTR,"DEEPAK NITRITE",0,,0,0.05,1,EQ,NSE,NSE
2457345,9599,DELHIVERY,"DELHIVERY",0,,0,0.05,1,EQ,NSE,NSE
3851265,15044,DELTACORP,"DELTA CORP",0,,0,0.05,1,EQ,NSE,NSE
1375489,5373,DEVYANI,"DEVYANI INTERNATIONAL",0,,0,0.05,1,EQ,NSE,NSE
3938305,15384,DHANI,"DHANI SERVICES",0,,0,0.05,1,EQ,NSE,NSE
4270849,16683,DIGISPICE,"DIGISPICE TECHNOLOGIES LT",0,,0,0.05,1,EQ,NSE,NSE
2800641,10940,DIVISLAB,"DIVI S LABORATORIES",0,,0,0.05,1,EQ,NSE,NSE
5552641,21690,DIXON,"DIXON TECHNO (INDIA)",0,,0,0.05,1,EQ,NSE,NSE
3771393,14732,DLF,"DLF",0,,0,0.05,1,EQ,NSE,NSE
5097729,19913,DMART,"AVENUE SUPERMARTS",0,,0,0.05,1,EQ,NSE,NSE
225537,881,DRREDDY,"DR. REDDY S LABORATORIES",0,,0,0.05,1,EQ,NSE,NSE
714753,2792,EASEMYTRIP,"EASY TRIP PLANNERS",0,,0,0.05,1,EQ,NSE,NSE
3885825,15179,ECLERX,"ECLERX SERVICES",0,,0,0.05,1,EQ,NSE,NSE
3870465,15119,EDELWEISS,"EDELWEISS FIN SERV",0,,0,0.05,1,EQ,NSE,NSE
232961,910,EICHERMOT,"EICHER MOTORS",0,,0,0.05,1,EQ,NSE,NSE
234497,916,EIDPARRY,"EID PARRY INDIA",0,,0,0.05,1,EQ,NSE,NSE
235265,919,EIHOTEL,"EIH",0,,0,0.05,1,EQ,NSE,NSE
239873,937,ELGIEQUIP,"ELGI EQUIPMENTS",0,,0,0.05,1,EQ,NSE,NSE
3460353,13517,EMAMILTD,"EMAMI",0,,0,0.05,1,EQ,NSE,NSE
4818433,18822,ENDURANCE,"ENDURANCE TECHNO..",0,,0,0.05,1,EQ,NSE,NSE
1256193,4907,ENGINERSIN,"ENGINEERS INDIA",0,,0,0.05,1,EQ,NSE,NSE
251137,981,EPL,"EPL",0,,0,0.05,1,EQ,NSE,NSE
233729,913,EQUITASBNK,"EQUITAS SMALL FIN BNK",0,,0,0.05,1,EQ,NSE,NSE
245249,958,ESCORTS,"ESCORTS KUBOTA",0,,0,0.05,1,EQ,NSE,NSE
173057,676,EXIDEIND,"EXIDE INDUSTRIES",0,,0,0.05,1,EQ,NSE,NSE
258049,1008,FACT,"FACT",0,,0,0.05,1,EQ,NSE,NSE
1253889,4898,FDC,"FDC",0,,0,0.05,1,EQ,NSE,NSE
261889,1023,FEDERALBNK,"FEDERAL BANK",0,,0,0.05,1,EQ,NSE,NSE
265729,1038,FINCABLES,"FINOLEX CABLES",0,,0,0.05,1,EQ,NSE,NSE
958465,3744,FINEORG,"FINE ORGANIC IND..",0,,0,0.05,1,EQ,NSE,NSE
266497,1041,FINPIPE,"FINOLEX INDUSTRIES",0,,0,0.05,1,EQ,NSE,NSE
3520001,13750,FLUOROCHEM,"GUJARAT FLUOROCHEM",0,,0,0.05,1,EQ,NSE,NSE
3735553,14592,FORTIS,"FORTIS HEALTHCARE",0,,0,0.05,1,EQ,NSE,NSE
3661825,14304,FSL,"FIRSTSOURCE SOLU..",0,,0,0.05,1,EQ,NSE,NSE
2259969,8828,GAEL,"GUJARAT AMBUJA EXPORTS LT",0,,0,0.05,1,EQ,NSE,NSE
1207553,4717,GAIL,"GAIL (INDIA)",0,,0,0.05,1,EQ,NSE,NSE
336641,1315,GALAXYSURF,"GALAXY SURFACTANTS",0,,0,0.05,1,EQ,NSE,NSE
281601,1100,GARFIBRES,"GARWARE TECH FIBRES",0,,0,0.05,1,EQ,NSE,NSE
3526657,13776,GESHIP,"THE GE SHPG.LTD",0,,0,0.05,1,EQ,NSE,NSE
70913,277,GICRE,"GENERAL INS CORP OF INDIA",0,,0,0.05,1,EQ,NSE,NSE
303617,1186,GLAND,"GLAND PHARMA",0,,0,0.05,1,EQ,NSE,NSE
295169,1153,GLAXO,"GLAXOSMITHKLINE PHARMA LT",0,,0,0.05,1,EQ,NSE,NSE
1895937,7406,GLENMARK,"GLENMARK PHARMACEUTICALS",0,,0,0.05,1,EQ,NSE,NSE
1347841,5265,GLS,"GLENMARK LIFE SCIENCE",0,,0,0.05,1,EQ,NSE,NSE
401921,1570,GMMPFAUDLR,"GMM PFAUDLER",0,,0,0.05,1,EQ,NSE,NSE
3463169,13528,GMRINFRA,"GMR AIRPORTS INFRA",0,,0,0.05,1,EQ,NSE,NSE
300545,1174,GNFC,"GUJ NAR VAL FER & CHEM L",0,,0,0.05,1,EQ,NSE,NSE
1782785,6964,GOCOLORS,"GO FASHION INDIA",0,,0,0.05,1,EQ,NSE,NSE
302337,1181,GODFRYPHLP,"GODFREY PHILLIPS INDIA LT",0,,0,0.05,1,EQ,NSE,NSE
36865,144,GODREJAGRO,"GODREJ AGROVET",0,,0,0.05,1,EQ,NSE,NSE
2585345,10099,GODREJCP,"GODREJ CONSUMER PRODUCTS",0,,0,0.05,1,EQ,NSE,NSE
2796801,10925,GODREJIND,"GODREJ INDUSTRIES",0,,0,0.05,1,EQ,NSE,NSE
4576001,17875,GODREJPROP,"GODREJ PROPERTIES",0,,0,0.05,1,EQ,NSE,NSE
2527745,9874,GOLDTECH,"GOLDSTONE TECHNOLOGIES LT",0,,0,0.05,1,EQ,NSE,NSE
5051137,19731,GPPL,"GUJARAT PIPAVAV PORT",0,,0,0.05,1,EQ,NSE,NSE
3039233,11872,GRANULES,"GRANULES INDIA",0,,0,0.05,1,EQ,NSE,NSE
151553,592,GRAPHITE,"GRAPHITE INDIA",0,,0,0.05,1,EQ,NSE,NSE
315393,1232,GRASIM,"GRASIM INDUSTRIES",0,,0,0.05,1,EQ,NSE,NSE
3535361,13810,GREENPANEL,"GREENPANEL INDUSTRIES",0,,0,0.05,1,EQ,NSE,NSE
3471361,13560,GRINDWELL,"GRINDWELL NORTON",0,,0,0.05,1,EQ,NSE,NSE
1293825,5054,GRINFRA,"G R INFRAPROJECTS",0,,0,0.05,1,EQ,NSE,NSE
319233,1247,GSFC,"GUJ STATE FERT & CHEM",0,,0,0.05,1,EQ,NSE,NSE
3378433,13197,GSPL,"GUJARAT STATE PETRO",0,,0,0.05,1,EQ,NSE,NSE
324353,1267,GUJALKALI,"GUJARAT ALKALIES & CHEM",0,,0,0.05,1,EQ,NSE,NSE
2713345,10599,GUJGASLTD,"GUJARAT GAS",0,,0,0.05,1,EQ,NSE,NSE
1124097,4391,GULFOILLUB,"GULF OIL LUB. IND..",0,,0,0.05,1,EQ,NSE,NSE
589569,2303,HAL,"HINDUSTAN AERONAUTICS",0,,0,0.05,1,EQ,NSE,NSE
12289,48,HAPPSTMNDS,"HAPPIEST MINDS TECHNO",0,,0,0.05,1,EQ,NSE,NSE
996353,3892,HATSUN,"HATSUN AGRO PRODUCT.",0,,0,0.05,1,EQ,NSE,NSE
2513665,9819,HAVELLS,"HAVELLS INDIA",0,,0,0.05,1,EQ,NSE,NSE
5742849,22433,HBANKETF,"HDFCAMC - HBANKETF",0,,0,0.01,1,EQ,NSE,NSE
3645185,14239,HBS500INAV,"HDFCAMC - HBS500INAV",0,,0,0.01,1,EQ,NSE,NSE
1850625,7229,HCLTECH,"HCL TECHNOLOGIES",0,,0,0.05,1,EQ,NSE,NSE
340481,1330,HDFC,"HDFC",0,,0,0.05,1,EQ,NSE,NSE
1086465,4244,HDFCAMC,"HDFC AMC",0,,0,0.05,1,EQ,NSE,NSE
341249,1333,HDFCBANK,"HDFC BANK",0,,0,0.05,1,EQ,NSE,NSE
3642881,14230,HDFCBSE500,"HDFCAMC - HDFCBSE500",0,,0,0.01,1,EQ,NSE,NSE
2884097,11266,HDFCGRINAV,"HDFCAMC - HDFCGRINAV",0,,0,0.01,1,EQ,NSE,NSE
2877697,11241,HDFCGROWTH,"HDFCAMC - HDFCGROWTH",0,,0,0.01,1,EQ,NSE,NSE
119553,467,HDFCLIFE,"HDFC LIFE INS CO",0,,0,0.05,1,EQ,NSE,NSE
2956033,11547,HDFCLOWVOL,"HDFCAMC - HDFCLOWVOL",0,,0,0.01,1,EQ,NSE,NSE
2957569,11553,HDFCLVINAV,"HDFCAMC - HDFCLOWVOL",0,,0,0.01,1,EQ,NSE,NSE
5003009,19543,HDFCMFGETF,"HDFC GOLD ETF",0,,0,0.01,1,EQ,NSE,NSE
3644417,14236,HDFCMID150,"HDFCAMC - HDFCMID150",0,,0,0.01,1,EQ,NSE,NSE
2957057,11551,HDFCMOINAV,"HDFCAMC - HDFCMOMENT",0,,0,0.01,1,EQ,NSE,NSE
2953729,11538,HDFCMOMENT,"HDFCAMC - HDFCMOMENT",0,,0,0.01,1,EQ,NSE,NSE
2718465,10619,HDFCNEXT50,"HDFCAMC - HDFCNEXT50",0,,0,0.01,1,EQ,NSE,NSE
2722049,10633,HDFCNIF100,"HDFCAMC - HDFCNIF100",0,,0,0.01,1,EQ,NSE,NSE
2967297,11591,HDFCNIFETF,"HDFCAMC - HDFCNIFETF",0,,0,0.01,1,EQ,NSE,NSE
3097857,12101,HDFCNIFIT,"HDFCAMC - HDFCNIFIT",0,,0,0.01,1,EQ,NSE,NSE
3102465,12119,HDFCPBINAV,"HDFCAMC - HDFCPBINAV",0,,0,0.01,1,EQ,NSE,NSE
3099649,12108,HDFCPVTBAN,"HDFCAMC - HDFCPVTBAN",0,,0,0.01,1,EQ,NSE,NSE
2881281,11255,HDFCQUAL,"HDFCAMC - HDFCQUAL",0,,0,0.01,1,EQ,NSE,NSE
2884353,11267,HDFCQUINAV,"HDFCAMC - HDFCQUINAV",0,,0,0.01,1,EQ,NSE,NSE
2967809,11593,HDFCSENETF,"HDFCAMC - HDFCSENETF",0,,0,0.01,1,EQ,NSE,NSE
2786049,10883,HDFCSIINAV,"HDFCAMC - HDFCSIINAV",0,,0,0.01,1,EQ,NSE,NSE
2784257,10876,HDFCSILVER,"HDFCAMC - HDFCSILVER",0,,0,0.01,1,EQ,NSE,NSE
3643649,14233,HDFCSML250,"HDFCAMC - HDFCSML250",0,,0,0.01,1,EQ,NSE,NSE
2882561,11260,HDFCVALUE,"HDFCAMC - HDFCVALUE",0,,0,0.01,1,EQ,NSE,NSE
2885633,11272,HDFCVLINAV,"HDFCAMC - HDFCVLINAV",0,,0,0.01,1,EQ,NSE,NSE
342017,1336,HEG,"HEG",0,,0,0.05,1,EQ,NSE,NSE
345089,1348,HEROMOTOCO,"HERO MOTOCORP",0,,0,0.05,1,EQ,NSE,NSE
5619457,21951,HFCL,"HFCL",0,,0,0.05,1,EQ,NSE,NSE
3766273,14712,HGS,"HINDUJA GLOBAL SOLS..",0,,0,0.05,1,EQ,NSE,NSE
2475009,9668,HIKAL,"HIKAL",0,,0,0.05,1,EQ,NSE,NSE
348929,1363,HINDALCO,"HINDALCO  INDUSTRIES ",0,,0,0.05,1,EQ,NSE,NSE
4592385,17939,HINDCOPPER,"HINDUSTAN COPPER",0,,0,0.05,1,EQ,NSE,NSE
359169,1403,HINDOILEXP,"HINDUSTAN OIL EXPLORATION",0,,0,0.05,1,EQ,NSE,NSE
359937,1406,HINDPETRO,"HINDUSTAN PETROLEUM CORP",0,,0,0.05,1,EQ,NSE,NSE
356865,1394,HINDUNILVR,"HINDUSTAN UNILEVER.",0,,0,0.05,1,EQ,NSE,NSE
364545,1424,HINDZINC,"HINDUSTAN ZINC",0,,0,0.05,1,EQ,NSE,NSE
585985,2289,HLEGLAS,"HLE GLASCOAT",0,,0,0.05,1,EQ,NSE,NSE
3645697,14241,HMI150INAV,"HDFCAMC - HMI150INAV",0,,0,0.01,1,EQ,NSE,NSE
526337,2056,HOMEFIRST,"HOME FIRST FIN CO IND",0,,0,0.05,1,EQ,NSE,NSE
874753,3417,HONAUT,"HONEYWELL AUTOMATION IND",0,,0,0.05,1,EQ,NSE,NSE
3646209,14243,HSM250INAV,"HDFCAMC - HSM250INAV",0,,0,0.01,1,EQ,NSE,NSE
5331201,20825,HUDCO,"HSG & URBAN DEV CORPN",0,,0,0.05,1,EQ,NSE,NSE
3699201,14450,IBREALEST,"INDIABULLS REAL EST.",0,,0,0.05,1,EQ,NSE,NSE
7712001,30125,IBULHSGFIN,"INDIABULLS HSG FIN",0,,0,0.05,1,EQ,NSE,NSE
3756289,14673,IBULHSGFIN-AA,,0,,0,0.01,1,EQ,NSE,NSE
3757569,14678,IBULHSGFIN-AB,,0,,0,0.01,1,EQ,NSE,NSE
3758849,14683,IBULHSGFIN-AC,,0,,0,0.01,1,EQ,NSE,NSE
3760129,14688,IBULHSGFIN-AD,,0,,0,0.01,1,EQ,NSE,NSE
3761153,14692,IBULHSGFIN-AG,,0,,0,0.01,1,EQ,NSE,NSE
3768321,14720,IBULHSGFIN-AH,,0,,0,0.01,1,EQ,NSE,NSE
3768577,14721,IBULHSGFIN-AI,,0,,0,0.01,1,EQ,NSE,NSE
3762177,14696,IBULHSGFIN-AJ,,0,,0,0.01,1,EQ,NSE,NSE
3764225,14704,IBULHSGFIN-AK,,0,,0,0.01,1,EQ,NSE,NSE
3765761,14710,IBULHSGFIN-AL,,0,,0,0.01,1,EQ,NSE,NSE
3766785,14714,IBULHSGFIN-AM,,0,,0,0.01,1,EQ,NSE,NSE
3767809,14718,IBULHSGFIN-AN,,0,,0,0.01,1,EQ,NSE,NSE
3455233,13497,IBULHSGFIN-N0,,0,,0,0.01,1,EQ,NSE,NSE
2335489,9123,IBULHSGFIN-YD,,0,,0,0.01,1,EQ,NSE,NSE
3034625,11854,IBULHSGFIN-ZL,,0,,0,0.01,1,EQ,NSE,NSE
3035393,11857,IBULHSGFIN-ZM,,0,,0,0.01,1,EQ,NSE,NSE
3036417,11861,IBULHSGFIN-ZN,,0,,0,0.01,1,EQ,NSE,NSE
3439361,13435,IBULHSGFIN-ZO,,0,,0,0.01,1,EQ,NSE,NSE
3440129,13438,IBULHSGFIN-ZP,,0,,0,0.01,1,EQ,NSE,NSE
3441409,13443,IBULHSGFIN-ZQ,,0,,0,0.01,1,EQ,NSE,NSE
3442689,13448,IBULHSGFIN-ZR,,0,,0,0.01,1,EQ,NSE,NSE
3443969,13453,IBULHSGFIN-ZS,,0,,0,0.01,1,EQ,NSE,NSE
3445761,13460,IBULHSGFIN-ZT,,0,,0,0.01,1,EQ,NSE,NSE
3447041,13465,IBULHSGFIN-ZU,,0,,0,0.01,1,EQ,NSE,NSE
3450113,13477,IBULHSGFIN-ZV,,0,,0,0.01,1,EQ,NSE,NSE
3451393,13482,IBULHSGFIN-ZW,,0,,0,0.01,1,EQ,NSE,NSE
3451905,13484,IBULHSGFIN-ZX,,0,,0,0.01,1,EQ,NSE,NSE
3452673,13487,IBULHSGFIN-ZY,,0,,0,0.01,1,EQ,NSE,NSE
3453953,13492,IBULHSGFIN-ZZ,,0,,0,0.01,1,EQ,NSE,NSE
1270529,4963,ICICIBANK,"ICICI BANK.",0,,0,0.05,1,EQ,NSE,NSE
5573121,21770,ICICIGI,"ICICI LOMBARD GIC",0,,0,0.05,1,EQ,NSE,NSE
4774913,18652,ICICIPRULI,"ICICI PRU LIFE INS CO",0,,0,0.05,1,EQ,NSE,NSE
377857,1476,IDBI,"IDBI BANK",0,,0,0.05,1,EQ,NSE,NSE
6563841,25640,IDBIGOLD,"IDBI MF - IDBI GOLD ETF",0,,0,0.05,1,EQ,NSE,NSE
3677697,14366,IDEA,"VODAFONE IDEA",0,,0,0.05,1,EQ,NSE,NSE
3060993,11957,IDFC,"IDFC",0,,0,0.05,1,EQ,NSE,NSE
2863105,11184,IDFCFIRSTB,"IDFC FIRST BANK",0,,0,0.05,1,EQ,NSE,NSE
56321,220,IEX,"INDIAN ENERGY EXC",0,,0,0.05,1,EQ,NSE,NSE
380161,1485,IFBIND,"IFB INDUSTRIES",0,,0,0.05,1,EQ,NSE,NSE
2883073,11262,IGL,"INDRAPRASTHA GAS",0,,0,0.05,1,EQ,NSE,NSE
3023105,11809,IIFL,"IIFL FINANCE",0,,0,0.05,1,EQ,NSE,NSE
3346433,13072,IIFLSEC,"IIFL SECURITIES",0,,0,0.05,1,EQ,NSE,NSE
3074305,12009,IMPAL,"IND MOTOR PART & ACC",0,,0,0.05,1,EQ,NSE,NSE
387073,1512,INDHOTEL,"THE INDIAN HOTELS CO.",0,,0,0.05,1,EQ,NSE,NSE
387841,1515,INDIACEM,"THE INDIA CEMENTS",0,,0,0.05,1,EQ,NSE,NSE
2745857,10726,INDIAMART,"INDIAMART INTERMESH",0,,0,0.05,1,EQ,NSE,NSE
3663105,14309,INDIANB,"INDIAN BANK",0,,0,0.05,1,EQ,NSE,NSE
2865921,11195,INDIGO,"INTERGLOBE AVIATION",0,,0,0.05,1,EQ,NSE,NSE
524289,2048,INDIGOPNTS,"INDIGO PAINTS",0,,0,0.05,1,EQ,NSE,NSE
2989313,11677,INDOCO,"INDOCO REMEDIES.",0,,0,0.05,1,EQ,NSE,NSE
1246721,4870,INDSWFTLAB,"IND SWIFT LABORATORIES LT",0,,0,0.05,1,EQ,NSE,NSE
1346049,5258,INDUSINDBK,"INDUSIND BANK",0,,0,0.05,1,EQ,NSE,NSE
7458561,29135,INDUSTOWER,"INDUS TOWERS",0,,0,0.05,1,EQ,NSE,NSE
4159745,16249,INFIBEAM,"INFIBEAM AVENUES",0,,0,0.05,1,EQ,NSE,NSE
408065,1594,INFY,"INFOSYS",0,,0,0.05,1,EQ,NSE,NSE
1517057,5926,INTELLECT,"INTELLECT DESIGN ARENA",0,,0,0.05,1,EQ,NSE,NSE
2393089,9348,IOB,"INDIAN OVERSEAS BANK",0,,0,0.05,1,EQ,NSE,NSE
415745,1624,IOC,"INDIAN OIL CORP",0,,0,0.05,1,EQ,NSE,NSE
418049,1633,IPCALAB,"IPCA LABORATORIES",0,,0,0.05,1,EQ,NSE,NSE
3920129,15313,IRB,"IRB INFRA DEV.",0,,0,0.05,1,EQ,NSE,NSE
3484417,13611,IRCTC,"INDIAN RAIL TOUR CORP",0,,0,0.05,1,EQ,NSE,NSE
519425,2029,IRFC,"INDIAN RAILWAY FIN CORP L",0,,0,0.05,1,EQ,NSE,NSE
637185,2489,ISEC,"ICICI SECURITIES",0,,0,0.05,1,EQ,NSE,NSE
424961,1660,ITC,"ITC",0,,0,0.05,1,EQ,NSE,NSE
428801,1675,ITI,"ITI",0,,0,0.05,1,EQ,NSE,NSE
5319169,20778,JAMNAAUTO,"JAMNA AUTO IND",0,,0,0.05,1,EQ,NSE,NSE
437249,1708,JAYBARMARU,"JAY BHARAT MARUTI",0,,0,0.05,1,EQ,NSE,NSE
441857,1726,JBCHEPHARM,"J B CHEMICALS AND PHARMA",0,,0,0.05,1,EQ,NSE,NSE
2983681,11655,JBMA,"JBM AUTO",0,,0,0.05,1,EQ,NSE,NSE
1723649,6733,JINDALSTEL,"JINDAL STEEL & POWER",0,,0,0.05,1,EQ,NSE,NSE
3397121,13270,JKCEMENT,"JK CEMENT",0,,0,0.05,1,EQ,NSE,NSE
3453697,13491,JKLAKSHMI,"JK LAKSHMI CEMENT",0,,0,0.05,1,EQ,NSE,NSE
3036161,11860,JKPAPER,"JK PAPER",0,,0,0.05,1,EQ,NSE,NSE
3491073,13637,JMFINANCIL,"JM FINANCIAL",0,,0,0.05,1,EQ,NSE,NSE
2876417,11236,JSL,"JINDAL STAINLESS",0,,0,0.05,1,EQ,NSE,NSE
4574465,17869,JSWENERGY,"JSW ENERGY",0,,0,0.05,1,EQ,NSE,NSE
3001089,11723,JSWSTEEL,"JSW STEEL",0,,0,0.05,1,EQ,NSE,NSE
4632577,18096,JUBLFOOD,"JUBILANT FOODWORKS",0,,0,0.05,1,EQ,NSE,NSE
712449,2783,JUBLINGREA,"JUBILANT INGREVIA",0,,0,0.05,1,EQ,NSE,NSE
931073,3637,JUBLPHARMA,"JUBILANT PHARMOVA",0,,0,0.05,1,EQ,NSE,NSE
7670273,29962,JUSTDIAL,"JUSTDIAL.",0,,0,0.05,1,EQ,NSE,NSE
3877377,15146,JYOTHYLAB,"JYOTHY LABS",0,,0,0.05,1,EQ,NSE,NSE
462849,1808,KAJARIACER,"KAJARIA CERAMICS",0,,0,0.05,1,EQ,NSE,NSE
464385,1814,KALPATPOWR,"KALPATARU POWER TRANS. LT",0,,0,0.05,1,EQ,NSE,NSE
756481,2955,KALYANKJIL,"KALYAN JEWELLERS IND",0,,0,0.05,1,EQ,NSE,NSE
306177,1196,KANSAINER,"KANSAI NEROLAC PAINTS",0,,0,0.05,1,EQ,NSE,NSE
470529,1838,KARURVYSYA,"KARUR VYSYA BANK",0,,0,0.05,1,EQ,NSE,NSE
3394561,13260,KEC,"KEC INTL.",0,,0,0.05,1,EQ,NSE,NSE
3407361,13310,KEI,"KEI INDUSTRIES.",0,,0,0.05,1,EQ,NSE,NSE
1240833,4847,KIMS,"KRISHNA INST OF MED SCI L",0,,0,0.05,1,EQ,NSE,NSE
5359617,20936,KIRLOSENG,"KIRLOSKAR OIL ENG",0,,0,0.05,1,EQ,NSE,NSE
3912449,15283,KNRCON,"KNR CONSTRU.",0,,0,0.05,1,EQ,NSE,NSE
492033,1922,KOTAKBANK,"KOTAK MAHINDRA BANK",0,,0,0.05,1,EQ,NSE,NSE
2478849,9683,KPITTECH,"KPIT TECHNOLOGIES",0,,0,0.05,1,EQ,NSE,NSE
3817473,14912,KPRMILL,"KPR MILL.",0,,0,0.05,1,EQ,NSE,NSE
2707713,10577,KRBL,"KRBL",0,,0,0.05,1,EQ,NSE,NSE
6386689,24948,L&TFH,"L&T FINANCE HOLDINGS",0,,0,0.05,1,EQ,NSE,NSE
2983425,11654,LALPATHLAB,"DR. LAL PATH LABS.",0,,0,0.05,1,EQ,NSE,NSE
1745409,6818,LATENTVIEW,"LATENT VIEW ANALYTICS",0,,0,0.05,1,EQ,NSE,NSE
4923905,19234,LAURUSLABS,"LAURUS LABS",0,,0,0.05,1,EQ,NSE,NSE
506625,1979,LAXMIMACH,"LAKSHMI MACHINES",0,,0,0.05,1,EQ,NSE,NSE
667137,2606,LEMONTREE,"LEMON TREE HOTELS",0,,0,0.05,1,EQ,NSE,NSE
511233,1997,LICHSGFIN,"LIC HOUSING FINANCE",0,,0,0.05,1,EQ,NSE,NSE
2426881,9480,LICI,"LIFE INSURA CORP OF INDIA",0,,0,0.05,1,EQ,NSE,NSE
416513,1627,LINDEINDIA,"LINDE INDIA",0,,0,0.05,1,EQ,NSE,NSE
824321,3220,LODHA,"MACROTECH DEVELOPERS",0,,0,0.05,1,EQ,NSE,NSE
2939649,11483,LT,"LARSEN & TOUBRO.",0,,0,0.05,1,EQ,NSE,NSE
4561409,17818,LTIM,"LTIMINDTREE",0,,0,0.05,1,EQ,NSE,NSE
4752385,18564,LTTS,"L&T TECHNOLOGY SER..",0,,0,0.05,1,EQ,NSE,NSE
2672641,10440,LUPIN,"LUPIN",0,,0,0.05,1,EQ,NSE,NSE
2893057,11301,LUXIND,"LUX INDUSTRIES",0,,0,0.05,1,EQ,NSE,NSE
727297,2841,LXCHEM,"LAXMI ORGANIC INDUS",0,,0,0.05,1,EQ,NSE,NSE
519937,2031,M&M,"MAHINDRA & MAHINDRA",0,,0,0.05,1,EQ,NSE,NSE
3400961,13285,M&MFIN,"M&M FIN. SERVICES",0,,0,0.05,1,EQ,NSE,NSE
2912513,11377,MAHABANK,"BANK OF MAHARASHTRA",0,,0,0.05,1,EQ,NSE,NSE
3823873,14937,MAHINDCIE,"MAHINDRA CIE AUTO",0,,0,0.05,1,EQ,NSE,NSE
2060801,8050,MAHLIFE,"MAHINDRA LIFESPACE DEVLTD",0,,0,0.05,1,EQ,NSE,NSE
98561,385,MAHLOG,"MAHINDRA LOGISTIC",0,,0,0.05,1,EQ,NSE,NSE
3531777,13796,MANALIPETC,"MANALI PETROCHEMICALS LT",0,,0,0.05,1,EQ,NSE,NSE
4879617,19061,MANAPPURAM,"MANAPPURAM FINANCE",0,,0,0.05,1,EQ,NSE,NSE
2090753,8167,MANYAVAR,"VEDANT FASHIONS",0,,0,0.05,1,EQ,NSE,NSE
1850113,7227,MAPMYINDIA,"C.E. INFO SYSTEMS",0,,0,0.05,1,EQ,NSE,NSE
1041153,4067,MARICO,"MARICO",0,,0,0.05,1,EQ,NSE,NSE
2815745,10999,MARUTI,"MARUTI SUZUKI INDIA.",0,,0,0.05,1,EQ,NSE,NSE
543745,2124,MASTEK,"MASTEK",0,,0,0.05,1,EQ,NSE,NSE
5728513,22377,MAXHEALTH,"MAX HEALTHCARE INS",0,,0,0.05,1,EQ,NSE,NSE
130305,509,MAZDOCK,"MAZAGON DOCK SHIPBUIL",0,,0,0.05,1,EQ,NSE,NSE
2674433,10447,MCDOWELL-N,"UNITED SPIRITS",0,,0,0.05,1,EQ,NSE,NSE
7982337,31181,MCX,"MULTI COMMODITY EXCHANGE",0,,0,0.05,1,EQ,NSE,NSE
1857025,7254,MEDPLUS,"MEDPLUS HEALTH SERV",0,,0,0.05,1,EQ,NSE,NSE
1853953,7242,METROBRAND,"METRO BRANDS",0,,0,0.05,1,EQ,NSE,NSE
2452737,9581,METROPOLIS,"METROPOLIS HEALTHCARE",0,,0,0.05,1,EQ,NSE,NSE
548353,2142,MFSL,"MAX FINANCIAL SERV",0,,0,0.05,1,EQ,NSE,NSE
4488705,17534,MGL,"MAHANAGAR GAS.",0,,0,0.05,1,EQ,NSE,NSE
4437249,17333,MHRIL,"MAHINDRA HOLIDAYS",0,,0,0.05,1,EQ,NSE,NSE
4596993,17957,MMTC,"MMTC",0,,0,0.05,1,EQ,NSE,NSE
5332481,20830,MOIL,"MOIL",0,,0,0.05,1,EQ,NSE,NSE
1076225,4204,MOTHERSON,"SAMVRDHNA MTHRSN INTL",0,,0,0.05,1,EQ,NSE,NSE
3826433,14947,MOTILALOFS,"MOTILAL OSWAL FIN",0,,0,0.05,1,EQ,NSE,NSE
1152769,4503,MPHASIS,"MPHASIS",0,,0,0.05,1,EQ,NSE,NSE
582913,2277,MRF,"MRF",0,,0,0.05,1,EQ,NSE,NSE
584449,2283,MRPL,"MRPL",0,,0,0.05,1,EQ,NSE,NSE
2200577,8596,MSUMI,"MOTHERSON SUMI WRNG IND L",0,,0,0.05,1,EQ,NSE,NSE
693505,2709,MTARTECH,"MTAR TECHNOLOGIES",0,,0,0.05,1,EQ,NSE,NSE
6054401,23650,MUTHOOTFIN,"MUTHOOT FINANCE",0,,0,0.05,1,EQ,NSE,NSE
91393,357,NAM-INDIA,"NIPPON L I A M",0,,0,0.05,1,EQ,NSE,NSE
1003009,3918,NATCOPHARM,"NATCO PHARMA.",0,,0,0.05,1,EQ,NSE,NSE
1629185,6364,NATIONALUM,"NATIONAL ALUMINIUM CO",0,,0,0.05,1,EQ,NSE,NSE
3520257,13751,NAUKRI,"INFO EDGE (I)",0,,0,0.05,1,EQ,NSE,NSE
3756033,14672,NAVINFLUOR,"NAVIN FLUORINE INT.",0,,0,0.05,1,EQ,NSE,NSE
764673,2987,NAZARA,"NAZARA TECHNOLOGIES",0,,0,0.05,1,EQ,NSE,NSE
8042241,31415,NBCC,"NBCC (INDIA)",0,,0,0.05,1,EQ,NSE,NSE
593665,2319,NCC,"NCC",0,,0,0.05,1,EQ,NSE,NSE
4598529,17963,NESTLEIND,"NESTLE INDIA",0,,0,0.05,1,EQ,NSE,NSE
3612417,14111,NETWORK18,"NETWORK18 MEDIA & INV",0,,0,0.05,1,EQ,NSE,NSE
3031041,11840,NH,"NARAYANA HRUDAYALAYA.",0,,0,0.05,1,EQ,NSE,NSE
4454401,17400,NHPC,"NHPC",0,,0,0.05,1,EQ,NSE,NSE
102145,399,NIACL,"THE NEW INDIA ASSU CO",0,,0,0.05,1,EQ,NSE,NSE
2197761,8585,NLCINDIA,"NLC INDIA",0,,0,0.05,1,EQ,NSE,NSE
3924993,15332,NMDC,"NMDC.",0,,0,0.05,1,EQ,NSE,NSE
625153,2442,NOCIL,"NOCIL",0,,0,0.05,1,EQ,NSE,NSE
3630081,14180,NSLNISP,"NMDC STEEL",0,,0,0.05,1,EQ,NSE,NSE
2977281,11630,NTPC,"NTPC",0,,0,0.05,1,EQ,NSE,NSE
1389057,5426,NUVOCO,"NUVOCO VISTAS CORP",0,,0,0.05,1,EQ,NSE,NSE
1675521,6545,NYKAA,"FSN E COMMERCE VENTURES",0,,0,0.05,1,EQ,NSE,NSE
5181953,20242,OBEROIRLTY,"OBEROI REALTY",0,,0,0.05,1,EQ,NSE,NSE
2748929,10738,OFSS,"ORACLE FIN SERV SOFT.",0,,0,0.05,1,EQ,NSE,NSE
4464129,17438,OIL,"OIL INDIA",0,,0,0.05,1,EQ,NSE,NSE
632833,2472,OILCOUNTUB,"OIL COUNTRY TUBULAR",0,,0,0.05,1,EQ,NSE,NSE
2723073,10637,OLECTRA,"OLECTRA GREENTECH",0,,0,0.05,1,EQ,NSE,NSE
633601,2475,ONGC,"OIL AND NATURAL GAS CORP.",0,,0,0.05,1,EQ,NSE,NSE
760833,2972,ORIENTELEC,"ORIENT ELECTRIC",0,,0,0.05,1,EQ,NSE,NSE
3689729,14413,PAGEIND,"PAGE INDUSTRIES",0,,0,0.05,1,EQ,NSE,NSE
1716481,6705,PAYTM,"ONE 97 COMMUNICATIONS",0,,0,0.05,1,EQ,NSE,NSE
678145,2649,PCBL,"PCBL",0,,0,0.05,1,EQ,NSE,NSE
617473,2412,PEL,"PIRAMAL ENTERPRISES",0,,0,0.05,1,EQ,NSE,NSE
4701441,18365,PERSISTENT,"PERSISTENT SYSTEMS",0,,0,0.05,1,EQ,NSE,NSE
2905857,11351,PETRONET,"PETRONET LNG",0,,0,0.05,1,EQ,NSE,NSE
3660545,14299,PFC,"POWER FIN CORP.",0,,0,0.05,1,EQ,NSE,NSE
676609,2643,PFIZER,"PFIZER",0,,0,0.05,1,EQ,NSE,NSE
648961,2535,PGHH,"P&G HYGIENE & HEALTH CARE",0,,0,0.05,1,EQ,NSE,NSE
240641,940,PGHL,"PROCTER & GAMBLE HEALTH L",0,,0,0.05,1,EQ,NSE,NSE
3725313,14552,PHOENIXLTD,"THE PHOENIX MILLS",0,,0,0.05,1,EQ,NSE,NSE
681985,2664,PIDILITIND,"PIDILITE INDUSTRIES",0,,0,0.05,1,EQ,NSE,NSE
6191105,24184,PIIND,"PI INDUSTRIES",0,,0,0.05,1,EQ,NSE,NSE
2730497,10666,PNB,"PUNJAB NATIONAL BANK",0,,0,0.05,1,EQ,NSE,NSE
2236417,8736,PNBGILTS,"PNB GILTS",0,,0,0.05,1,EQ,NSE,NSE
4840449,18908,PNBHOUSING,"PNB HOUSING FIN.",0,,0,0.05,1,EQ,NSE,NSE
2402561,9385,PNCINFRA,"PNC INFRATECH.",0,,0,0.05,1,EQ,NSE,NSE
1703937,6656,POLICYBZR,"PB FINTECH",0,,0,0.05,1,EQ,NSE,NSE
2455041,9590,POLYCAB,"POLYCAB INDIA",0,,0,0.05,1,EQ,NSE,NSE
6583809,25718,POLYMED,"POLY MEDICURE",0,,0,0.05,1,EQ,NSE,NSE
687873,2687,POLYPLEX,"POLYPLEX CORPORATION",0,,0,0.05,1,EQ,NSE,NSE
2919169,11403,POONAWALLA,"POONAWALLA FINCORP",0,,0,0.05,1,EQ,NSE,NSE
3834113,14977,POWERGRID,"POWER GRID CORP..",0,,0,0.05,1,EQ,NSE,NSE
4724993,18457,POWERINDIA,"HITACHI ENERGY INDIA",0,,0,0.05,1,EQ,NSE,NSE
692481,2705,PRAJIND,"PRAJ INDUSTRIES",0,,0,0.05,1,EQ,NSE,NSE
5197313,20302,PRESTIGE,"PRESTIGE ESTATE",0,,0,0.05,1,EQ,NSE,NSE
4107521,16045,PRINCEPIPE,"PRINCE PIPES FITTINGS",0,,0,0.05,1,EQ,NSE,NSE
2259201,8825,PRIVISCL,"PRIVI SPECIALITY CHE",0,,0,0.05,1,EQ,NSE,NSE
701185,2739,PRSMJOHNSN,"PRISM JOHNSON",0,,0,0.05,1,EQ,NSE,NSE
3365633,13147,PVR,"PVR",0,,0,0.05,1,EQ,NSE,NSE
4532225,17704,QUESS,"QUESS CORP",0,,0,0.05,1,EQ,NSE,NSE
2813441,10990,RADICO,"RADICO KHAITAN",0,,0,0.05,1,EQ,NSE,NSE
3926273,15337,RAIN,"RAIN INDUSTRIES",0,,0,0.05,1,EQ,NSE,NSE
2408449,9408,RAINBOW,"RAINBOW CHILDRENS MED",0,,0,0.05,1,EQ,NSE,NSE
1894657,7401,RAJESHEXPO,"RAJESH EXPORTS",0,,0,0.05,1,EQ,NSE,NSE
720897,2816,RALLIS,"RALLIS INDIA",0,,0,0.05,1,EQ,NSE,NSE
523009,2043,RAMCOCEM,"THE RAMCO CEMENTS",0,,0,0.05,1,EQ,NSE,NSE
3443457,13451,RATNAMANI,"RATNAMANI MET & TUB.",0,,0,0.05,1,EQ,NSE,NSE
731905,2859,RAYMOND,"RAYMOND",0,,0,0.05,1,EQ,NSE,NSE
382465,1494,RBA,"RESTAURANT BRAND ASIA",0,,0,0.05,1,EQ,NSE,NSE
4708097,18391,RBLBANK,"RBL BANK",0,,0,0.05,1,EQ,NSE,NSE
733697,2866,RCF,"RASHTRIYA CHEMICALS & FER",0,,0,0.05,1,EQ,NSE,NSE
3930881,15355,RECLTD,"REC",0,,0,0.05,1,EQ,NSE,NSE
3649281,14255,REDINGTON,"REDINGTON",0,,0,0.05,1,EQ,NSE,NSE
6201601,24225,RELAXO,"RELAXO FOOT.",0,,0,0.05,1,EQ,NSE,NSE
2470913,9652,RELCHEMQ,"RELIANCE CHEMOTEX IND",0,,0,0.05,1,EQ,NSE,NSE
738561,2885,RELIANCE,"RELIANCE INDUSTRIES",0,,0,0.05,1,EQ,NSE,NSE
141569,553,RELINFRA,"RELIANCE INFRASTRUCTU",0,,0,0.05,1,EQ,NSE,NSE
3078657,12026,RENUKA,"SHREE RENUKA SUGARS",0,,0,0.05,1,EQ,NSE,NSE
5563649,21733,RHFL,"RELIANCE HOME FINANCE",0,,0,0.05,1,EQ,NSE,NSE
7977729,31163,RHIM,"RHI MAGNESITA INDIA",0,,0,0.05,1,EQ,NSE,NSE
745473,2912,RIIL,"RELIANCE INDUSTRIAL INFRA",0,,0,0.05,1,EQ,NSE,NSE
962817,3761,RITES,"RITES",0,,0,0.05,1,EQ,NSE,NSE
91905,359,ROML,"RAJ OIL MILLS",0,,0,0.05,1,EQ,NSE,NSE
4968961,19410,ROSSARI,"ROSSARI BIOTECH",0,,0,0.05,1,EQ,NSE,NSE
32769,128,ROUTE,"ROUTE MOBILE",0,,0,0.05,1,EQ,NSE,NSE
3906305,15259,RPOWER,"RELIANCE POWER.",0,,0,0.05,1,EQ,NSE,NSE
6988033,27297,RTNINDIA,"RATTANINDIA ENT",0,,0,0.05,1,EQ,NSE,NSE
2445313,9552,RVNL,"RAIL VIKAS NIGAM",0,,0,0.05,1,EQ,NSE,NSE
758529,2963,SAIL,"STEEL AUTHORITY OF INDIA",0,,0,0.05,1,EQ,NSE,NSE
369153,1442,SANOFI,"SANOFI INDIA",0,,0,0.05,1,EQ,NSE,NSE
1719809,6718,SAPPHIRE,"SAPPHIRE FOODS INDIA",0,,0,0.05,1,EQ,NSE,NSE
4600577,17971,SBICARD,"SBI CARDS & PAY SER",0,,0,0.05,1,EQ,NSE,NSE
5582849,21808,SBILIFE,"SBI LIFE INSURANCE CO",0,,0,0.05,1,EQ,NSE,NSE
779521,3045,SBIN,"STATE BANK OF INDIA",0,,0,0.05,1,EQ,NSE,NSE
258817,1011,SCHAEFFLER,"SCHAEFFLER INDIA",0,,0,0.05,1,EQ,NSE,NSE
780289,3048,SCI,"SHIPPING CORP OF INDIA LT",0,,0,0.05,1,EQ,NSE,NSE
4911105,19184,SFL,"SHEELA FOAM",0,,0,0.05,1,EQ,NSE,NSE
1277953,4992,SHARDACROP,"SHARDA CROPCHEM.",0,,0,0.05,1,EQ,NSE,NSE
4544513,17752,SHILPAMED,"SHILPA MEDICARE",0,,0,0.05,1,EQ,NSE,NSE
3024129,11813,SHOPERSTOP,"SHOPPERS STOP",0,,0,0.05,1,EQ,NSE,NSE
794369,3103,SHREECEM,"SHREE CEMENT",0,,0,0.05,1,EQ,NSE,NSE
1102337,4306,SHRIRAMFIN,"SHRIRAM FINANCE",0,,0,0.05,1,EQ,NSE,NSE
1201409,4693,SHYAMMETL,"SHYAM METALICS AND ENGY L",0,,0,0.05,1,EQ,NSE,NSE
806401,3150,SIEMENS,"SIEMENS",0,,0,0.05,1,EQ,NSE,NSE
5504257,21501,SIS,"SIS",0,,0,0.05,1,EQ,NSE,NSE
4834049,18883,SJVN,"SJVN",0,,0,0.05,1,EQ,NSE,NSE
815617,3186,SKFINDIA,"SKF INDIA",0,,0,0.05,1,EQ,NSE,NSE
1211393,4732,SKMEGGPROD,"SKM EGG PROD EXPORT(I) LT",0,,0,0.05,1,EQ,NSE,NSE
3539457,13826,SOBHA,"SOBHA",0,,0,0.05,1,EQ,NSE,NSE
3412993,13332,SOLARINDS,"SOLAR INDUSTRIES (I)",0,,0,0.05,1,EQ,NSE,NSE
1199105,4684,SONACOMS,"SONA BLW PRECISION FRGS L",0,,0,0.05,1,EQ,NSE,NSE
1688577,6596,SONATSOFTW,"SONATA SOFTWARE",0,,0,0.05,1,EQ,NSE,NSE
773377,3021,SOTL,"SAVITA OIL TECHNOLO.",0,,0,0.05,1,EQ,NSE,NSE
3785729,14788,SPARC,"SUN PHARMA ADV.RES.CO.LTD",0,,0,0.05,1,EQ,NSE,NSE
837889,3273,SRF,"SRF",0,,0,0.05,1,EQ,NSE,NSE
1813249,7083,STARHEALTH,"STAR HEALTH & AL INS CO L",0,,0,0.05,1,EQ,NSE,NSE
2383105,9309,STLTECH,"STERLITE TECHNOLOGIES",0,,0,0.05,1,EQ,NSE,NSE
851713,3327,SUDARSCHEM,"SUDARSHAN CHEMICAL INDS L",0,,0,0.05,1,EQ,NSE,NSE
4378881,17105,SUMICHEM,"SUMITOMO CHEM INDIA",0,,0,0.05,1,EQ,NSE,NSE
854785,3339,SUNDARMFIN,"SUNDARAM FINANCE",0,,0,0.05,1,EQ,NSE,NSE
856321,3345,SUNDRMFAST,"SUNDRAM FASTENERS",0,,0,0.05,1,EQ,NSE,NSE
857857,3351,SUNPHARMA,"SUN PHARMACEUTICAL IND L",0,,0,0.05,1,EQ,NSE,NSE
4516097,17641,SUNTECK,"SUNTECK REALTY",0,,0,0.05,1,EQ,NSE,NSE
3431425,13404,SUNTV,"SUN TV NETWORK",0,,0,0.05,1,EQ,NSE,NSE
2992385,11689,SUPRAJIT,"SUPRAJIT ENGINEERING",0,,0,0.05,1,EQ,NSE,NSE
860929,3363,SUPREMEIND,"SUPREME INDUSTRIES",0,,0,0.05,1,EQ,NSE,NSE
2739201,10700,SURANAT&P,"SURANA TELECOM AND POW LT",0,,0,0.05,1,EQ,NSE,NSE
4593921,17945,SUVENPHAR,"SUVEN PHARMACEUTICALS",0,,0,0.05,1,EQ,NSE,NSE
3076609,12018,SUZLON,"SUZLON ENERGY",0,,0,0.05,1,EQ,NSE,NSE
6936321,27095,SWANENERGY,"SWAN ENERGY",0,,0,0.05,1,EQ,NSE,NSE
3197185,12489,SWSOLAR,"STRLNG & WIL REN ENE",0,,0,0.05,1,EQ,NSE,NSE
6192641,24190,SYMPHONY,"SYMPHONY",0,,0,0.05,1,EQ,NSE,NSE
2622209,10243,SYNGENE,"SYNGENE INTERNATIONAL",0,,0,0.05,1,EQ,NSE,NSE
3577857,13976,TANLA,"TANLA PLATFORMS",0,,0,0.05,1,EQ,NSE,NSE
871681,3405,TATACHEM,"TATA CHEMICALS",0,,0,0.05,1,EQ,NSE,NSE
185345,724,TATACOFFEE,"TATA COFFEE",0,,0,0.05,1,EQ,NSE,NSE
952577,3721,TATACOMM,"TATA COMMUNICATIONS",0,,0,0.05,1,EQ,NSE,NSE
878593,3432,TATACONSUM,"TATA CONSUMER PRODUCT",0,,0,0.05,1,EQ,NSE,NSE
873217,3411,TATAELXSI,"TATA ELXSI",0,,0,0.05,1,EQ,NSE,NSE
414977,1621,TATAINVEST,"TATA INVESTMENT CORP",0,,0,0.05,1,EQ,NSE,NSE
884737,3456,TATAMOTORS,"TATA MOTORS",0,,0,0.05,1,EQ,NSE,NSE
877057,3426,TATAPOWER,"TATA POWER CO",0,,0,0.05,1,EQ,NSE,NSE
895745,3499,TATASTEEL,"TATA STEEL",0,,0,0.05,1,EQ,NSE,NSE
2708481,10580,TCI,"TRANSPORT CORPN OF INDIA",0,,0,0.05,1,EQ,NSE,NSE
4921089,19223,TCIEXP,"TCI EXPRESS",0,,0,0.05,1,EQ,NSE,NSE
1068033,4172,TCNSBRANDS,"TCNS CLOTHING CO.",0,,0,0.05,1,EQ,NSE,NSE
2953217,11536,TCS,"TATA CONSULTANCY SERV LT",0,,0,0.05,1,EQ,NSE,NSE
3255297,12716,TEAMLEASE,"TEAMLEASE SERVICES.",0,,0,0.05,1,EQ,NSE,NSE
3465729,13538,TECHM,"TECH MAHINDRA",0,,0,0.05,1,EQ,NSE,NSE
5409537,21131,TEJASNET,"TEJAS NETWORKS",0,,0,0.05,1,EQ,NSE,NSE
889601,3475,THERMAX,"THERMAX",0,,0,0.05,1,EQ,NSE,NSE
4360193,17032,THYROCARE,"THYROCARE TECH",0,,0,0.05,1,EQ,NSE,NSE
3588865,14019,TIDEWATER,"TIDE WATER OIL",0,,0,0.05,1,EQ,NSE,NSE
79873,312,TIINDIA,"TUBE INVEST OF INDIA",0,,0,0.05,1,EQ,NSE,NSE
3634689,14198,TIMKEN,"TIMKEN INDIA.",0,,0,0.05,1,EQ,NSE,NSE
897537,3506,TITAN,"TITAN COMPANY",0,,0,0.05,1,EQ,NSE,NSE
900609,3518,TORNTPHARM,"TORRENT PHARMACEUTICALS L",0,,0,0.05,1,EQ,NSE,NSE
3529217,13786,TORNTPOWER,"TORRENT POWER",0,,0,0.05,1,EQ,NSE,NSE
502785,1964,TRENT,"TRENT",0,,0,0.05,1,EQ,NSE,NSE
2479361,9685,TRIDENT,"TRIDENT",0,,0,0.05,1,EQ,NSE,NSE
6549505,25584,TRITURBINE,"TRIVENI TURBINE",0,,0,0.05,1,EQ,NSE,NSE
3348737,13081,TRIVENI,"TRIVENI ENGG. & INDS.",0,,0,0.05,1,EQ,NSE,NSE
907777,3546,TTKPRESTIG,"TTK PRESTIGE",0,,0,0.05,1,EQ,NSE,NSE
2292225,8954,TTML,"TATA TELESERV(MAHARASTRA)",0,,0,0.05,1,EQ,NSE,NSE
3637249,14208,TV18BRDCST,"TV18 BROADCAST",0,,0,0.05,1,EQ,NSE,NSE
2170625,8479,TVSMOTOR,"TVS MOTOR COMPANY ",0,,0,0.05,1,EQ,NSE,NSE
4278529,16713,UBL,"UNITED BREWERIES",0,,0,0.05,1,EQ,NSE,NSE
2873089,11223,UCOBANK,"UCO BANK",0,,0,0.05,1,EQ,NSE,NSE
269569,1053,UFLEX,"UFLEX",0,,0,0.05,1,EQ,NSE,NSE
2952193,11532,ULTRACEMCO,"ULTRATECH CEMENT",0,,0,0.05,1,EQ,NSE,NSE
2752769,10753,UNIONBANK,"UNION BANK OF INDIA",0,,0,0.05,1,EQ,NSE,NSE
3623425,14154,UNOMINDA,"UNO MINDA",0,,0,0.05,1,EQ,NSE,NSE
2889473,11287,UPL,"UPL",0,,0,0.05,1,EQ,NSE,NSE
134913,527,UTIAMC,"UTI ASSET MNGMT CO",0,,0,0.05,1,EQ,NSE,NSE
5744641,22440,UTIBANKETF,"UTIAMC - UTIBANKETF",0,,0,0.01,1,EQ,NSE,NSE
5498369,21478,UTINEXT50,"UTIAMC - UTINEXT50",0,,0,0.01,1,EQ,NSE,NSE
2690817,10511,UTINIFTETF,"UTIAMC - UTINIFTETF",0,,0,0.01,1,EQ,NSE,NSE
2691841,10515,UTISENSETF,"UTIAMC - UTISENSETF",0,,0,0.01,1,EQ,NSE,NSE
2347009,9168,UTISXN50,"UTIAMC - UTISXN50",0,,0,0.01,1,EQ,NSE,NSE
2909185,11364,VAIBHAVGBL,"VAIBHAV GLOBAL",0,,0,0.05,1,EQ,NSE,NSE
987393,3857,VARROC,"VARROC ENGINEERING.",0,,0,0.05,1,EQ,NSE,NSE
4843777,18921,VBL,"VARUN BEVERAGES",0,,0,0.05,1,EQ,NSE,NSE
784129,3063,VEDL,"VEDANTA",0,,0,0.05,1,EQ,NSE,NSE
3932673,15362,VGUARD,"V-GUARD IND.",0,,0,0.05,1,EQ,NSE,NSE
1429761,5585,VIJAYA,"VIJAYA DIAGNOSTIC CEN",0,,0,0.05,1,EQ,NSE,NSE
4445185,17364,VINATIORGA,"VINATI ORGANICS",0,,0,0.05,1,EQ,NSE,NSE
947969,3703,VIPIND,"VIP INDUSTRIES",0,,0,0.05,1,EQ,NSE,NSE
7496705,29284,VMART,"VMART RETAIL",0,,0,0.05,1,EQ,NSE,NSE
951809,3718,VOLTAS,"VOLTAS",0,,0,0.05,1,EQ,NSE,NSE
530689,2073,VTL,"VARDHMAN TEXTILES",0,,0,0.05,1,EQ,NSE,NSE
3026177,11821,WELCORP,"WELSPUN CORP",0,,0,0.05,1,EQ,NSE,NSE
2880769,11253,WELSPUNIND,"WELSPUN INDIA",0,,0,0.05,1,EQ,NSE,NSE
2964481,11580,WESTLIFE,"WESTLIFE FOODWORLD",0,,0,0.05,1,EQ,NSE,NSE
4610817,18011,WHIRLPOOL,"WHIRLPOOL OF INDIA",0,,0,0.05,1,EQ,NSE,NSE
969473,3787,WIPRO,"WIPRO",0,,0,0.05,1,EQ,NSE,NSE
1921537,7506,WOCKPHARMA,"WOCKHARDT",0,,0,0.05,1,EQ,NSE,NSE
972545,3799,WSTCSTPAPR,"WEST COAST PAPER MILLS LT",0,,0,0.05,1,EQ,NSE,NSE
3050241,11915,YESBANK,"YES BANK",0,,0,0.05,1,EQ,NSE,NSE
975873,3812,ZEEL,"ZEE ENTERTAINMENT ENT",0,,0,0.05,1,EQ,NSE,NSE
275457,1076,ZENSARTECH,"ZENSAR TECHNOLOGIES ",0,,0,0.05,1,EQ,NSE,NSE
4330241,16915,ZFCVINDIA,"ZF COM VE CTR SYS IND",0,,0,0.05,1,EQ,NSE,NSE
1304833,5097,ZOMATO,"ZOMATO",0,,0,0.05,1,EQ,NSE,NSE
2029825,7929,ZYDUSLIFE,"ZYDUS LIFESCIENCES",0,,0,0.05,1,EQ,NSE,NSE
4514561,17635,ZYDUSWELL,"ZYDUS WELLNESS",0,,0,0.05,1,EQ,NSE,NSE
